DROP DATABASE  IF EXISTS `FI_ITIS_MEUCCI`;
CREATE DATABASE  IF NOT EXISTS `FI_ITIS_MEUCCI` /*!40100 DEFAULT CHARACTER SET utf8 */;
USE `FI_ITIS_MEUCCI`;
-- MySQL dump 10.13  Distrib 5.7.17, for macos10.12 (x86_64)
--
-- Host: 127.0.0.1    Database: FI_ITIS_MEUCCI
-- ------------------------------------------------------
-- Server version	5.6.38

/*!40101 SET @OLD_CHARACTER_SET_CLIENT=@@CHARACTER_SET_CLIENT */;
/*!40101 SET @OLD_CHARACTER_SET_RESULTS=@@CHARACTER_SET_RESULTS */;
/*!40101 SET @OLD_COLLATION_CONNECTION=@@COLLATION_CONNECTION */;
/*!40101 SET NAMES utf8 */;
/*!40103 SET @OLD_TIME_ZONE=@@TIME_ZONE */;
/*!40103 SET TIME_ZONE='+00:00' */;
/*!40014 SET @OLD_UNIQUE_CHECKS=@@UNIQUE_CHECKS, UNIQUE_CHECKS=0 */;
/*!40014 SET @OLD_FOREIGN_KEY_CHECKS=@@FOREIGN_KEY_CHECKS, FOREIGN_KEY_CHECKS=0 */;
/*!40101 SET @OLD_SQL_MODE=@@SQL_MODE, SQL_MODE='NO_AUTO_VALUE_ON_ZERO' */;
/*!40111 SET @OLD_SQL_NOTES=@@SQL_NOTES, SQL_NOTES=0 */;

--
-- Table structure for table `class`
--

DROP TABLE IF EXISTS `class`;
/*!40101 SET @saved_cs_client     = @@character_set_client */;
/*!40101 SET character_set_client = utf8 */;
CREATE TABLE `class` (
  `id` bigint(10) NOT NULL AUTO_INCREMENT,
  `year` int(11) DEFAULT NULL,
  `section` varchar(10) DEFAULT NULL,
  PRIMARY KEY (`id`)
) ENGINE=InnoDB AUTO_INCREMENT=62 DEFAULT CHARSET=utf8;
/*!40101 SET character_set_client = @saved_cs_client */;

--
-- Dumping data for table `class`
--

LOCK TABLES `class` WRITE;
/*!40000 ALTER TABLE `class` DISABLE KEYS */;
INSERT INTO `class` VALUES (1,2020,'1NEE'),(2,2020,'1DMME'),(3,2020,'1LIT'),(4,2020,'1HIT'),(5,2020,'1MEE'),(6,2020,'1ATL'),(7,2020,'2LIT'),(8,2020,'2EMME'),(9,2020,'2DMME'),(10,2020,'2OEE'),(11,2020,'2ATL'),(12,2020,'2BTL'),(13,2020,'1EMME'),(14,2020,'1CMME'),(15,2020,'2GIT'),(16,2020,'1OEE'),(17,2020,'2HIT'),(18,2020,'2NEE'),(19,2020,'2FMME'),(20,2020,'1BTL'),(21,2020,'2MIT'),(22,2020,'1GIT'),(23,2020,'2CMME'),(24,2020,'1IIT'),(25,2020,'2IIT'),(26,2020,'1FIT'),(27,2020,'2PEE'),(32,2020,'4AEN'),(33,2020,'4AMM'),(34,2020,'3ALG'),(35,2020,'3AEC'),(36,2020,'3AIA'),(37,2020,'4BEC'),(38,2020,'5ALG'),(39,2020,'3AAT'),(40,2020,'4BIA'),(41,2020,'5AET'),(42,2020,'3AET'),(43,2020,'3AEN'),(44,2020,'5AAT'),(45,2020,'5ATL'),(46,2020,'3BIA'),(47,2020,'3BLG'),(48,2020,'4AEC'),(49,2020,'5AIA'),(50,2020,'5AMM'),(51,2020,'4AAT'),(52,2020,'3BMM'),(53,2020,'4ATL'),(54,2020,'4AIA'),(55,2020,'4ALG'),(56,2020,'4AET'),(57,2020,'5AEN'),(58,2020,'4BLG'),(59,2020,'5BIA'),(60,2020,'3AMM'),(61,2020,'5AEC');
/*!40000 ALTER TABLE `class` ENABLE KEYS */;
UNLOCK TABLES;

--
-- Table structure for table `student`
--

DROP TABLE IF EXISTS `student`;
/*!40101 SET @saved_cs_client     = @@character_set_client */;
/*!40101 SET character_set_client = utf8 */;
CREATE TABLE `student` (
  `id` bigint(10) NOT NULL AUTO_INCREMENT,
  `name` varchar(255) NOT NULL,
  `surname` varchar(255) NOT NULL,
  `sidi_code` varchar(255) NOT NULL,
  `tax_code` varchar(20) DEFAULT NULL,
  PRIMARY KEY (`id`),
  UNIQUE KEY `ak1_studemt` (`sidi_code`)
) ENGINE=InnoDB AUTO_INCREMENT=1700 DEFAULT CHARSET=utf8;
/*!40101 SET character_set_client = @saved_cs_client */;

--
-- Dumping data for table `student`
--

LOCK TABLES `student` WRITE;
/*!40000 ALTER TABLE `student` DISABLE KEYS */;
INSERT INTO `student` VALUES (64,'Marco','Rossi','12342343','XXXXXX00X00X00X'),(65,'Ademaro','Simonetti','12134641','BDLSMN05H07Z345P'),(66,'Orlanda','Bello','17007308','BZZMTF03A01Z240P'),(67,'Marga','Labella','7581013','ZZADVD05E06D612P'),(68,'Lodovino','Sanges','11121644','TBNSDA05R07Z330X'),(69,'Radegonda','Marocchini','4796164','JDNNDR05H11D612Z'),(70,'Tarcidio','Fadda','14179127','LJBBLL02R10Z249T'),(71,'Toruccio','Bartolucci','6110630','LBNNDR04E13D612E'),(72,'Odiana','Callegarini','8385443','LDNLSS05L08D612R'),(73,'Gregoria','Fusco','4629031','LDBJCP04S14D612J'),(74,'Giugliano','Vella','16433924','LLCMLN03M01Z611I'),(75,'Gianpietro','Bento da silva','10340234','LLGMTT04P21Z503A'),(76,'Cara','Angiuli','6182900','LSAMNL04H21D612K'),(77,'Festina','Pulsoni','10427953','MTADNL05H24F839Y'),(78,'Aristidina','Dallago','11117287','MRAGRL05E07A564R'),(79,'Olisio','Moiano','6270111','NTMGNN05M19D612K'),(80,'Piacentino','Ferro','11591892','NTGVTR05T23A564H'),(81,'Nicandrina','Milenov','6311574','NTNCLD05S26D612X'),(82,'Aria','Ceraldi','9835302','PLTDVD03B26D612L'),(83,'Ormisde','Sementilli','12070785','RCNZMN04P18Z213W'),(84,'Irlanda','Fabbrizi','6182875','RDNGRL04A24D612T'),(85,'Irene','Lippi','3732320','SNCPNL05A28D612Y'),(86,'Brunina','Soro','4554835','BCCFPP04R22D612W'),(87,'Eccelso','Manzi','4788095','BCCDGI04T21D612A'),(88,'Consola','Narducci','11117334','BCCJCP05S29D612X'),(89,'Clino','De florio','8922424','BGNTMS05C26D612D'),(90,'Reale','Adorno','8248464','BNAFPP04D22D612C'),(91,'Sem','Fiore','6182852','BJRLSS05E02D612Y'),(92,'Flore','Avendato','8385471','BLSFBA04M03D612E'),(93,'Franzio','Rossi','8922668','BNDGLI04S12D612H'),(94,'Oscar','Laita','7274536','BNDMTT04T21D612G'),(95,'Latino','Hossain','8922425','BNDLSS05E23A564J'),(96,'Audenzia','Potalivo ','10502494','BNDFRU04D11D612M'),(97,'Tonuccio','Tioni','4764455','BRDFRC04A08D612K'),(98,'Ridolfo','Pasquini','10816717','BRDCSM04H20A564Z'),(99,'Ulderigo','Paglia','6120260','BRLLRD04P23B036C'),(100,'Oliero','Fontana','10345259','BRNMRC05B01B036H'),(101,'Walfrido','Scarale','10635336','BRNLGU04E21D612T'),(102,'Armilla','Ciarla','8385826','BRTLNZ04P03A564A'),(103,'Fernanda','De simone','10716380','BRZLNZ04S11D612I'),(104,'Berardo','Fratini','4788262','BSSRNI05M45A564O'),(105,'Raffaelle','Carpi marasco','10230004','BTSNCL04H30D612G'),(106,'Ireno','Chiricozzi','11096186','BTSGDI05B64D612T'),(107,'Felippo','Cecere','11098130','BLLLSN05P18D612A'),(108,'Ardo','Brizi','7581085','BLLMRK04B26A564R'),(109,'Casto','Gamberini','1111111','BLMRRG04A16Z603Z'),(110,'Foglia','Ferrari','6000318','BMPSML04H10D612G'),(111,'Longino','Esposito','8922642','BNCSML05S03G752T'),(112,'Bacchisio','Mane','9741584','BNDNDR06A26D612C'),(113,'Tittina','Gargiulo','7581039','BNDLRD03H18D612D'),(114,'Dionilla','Marata','7274786','BNLLRD05P28D612P'),(115,'Leido','Pinna','2923323','BNZGSI04A30D612S'),(116,'Nivardo','Focaccia','9741437','BNSGNN05S14D612M'),(117,'Brigido','Grebenea','10635337','BNVNCL04E17A564I'),(118,'Gusmano','Aguila','8657684','BNVSFN05R09A564A'),(119,'Salvatora','Croce','1111112','BRSTRM04P27Z160X'),(120,'Fenicia','Fralassi','8922571','BRLNRE04D29A564F'),(121,'Giannino','Errichetti','8385472','BRLTMS04C11D612H'),(122,'Eberardo','Boubaker','4589931','BRNTMS05L13D612E'),(123,'Bernardino','Lucani','3107297','BRNCST05D05A564U'),(124,'Mammola','Bello','6000343','BRNRCR04P10D612G'),(125,'Aldomiro','Arena','10533703','BDNGNN04H07Z129T'),(126,'Marina','Valvano','8385364','BGISFN04A27D612O'),(127,'Petra','Wozniak','11101001','BGNMLE05B22D612F'),(128,'Galgano','Bartolini','1111113','BGTTRS04R71D612F'),(129,'Reggio','Gigante','8922428','BFFLSS05D18D612M'),(130,'Olao','Antosh','10077890','BNIFNC04S07D612N'),(131,'Nicolosa','Acunzo','1111114','BNIMHL03M04D612X'),(132,'Lao','Pace','7274837','BNITMS04E09A564U'),(133,'Dalinda','Bianco','6000407','BNDFNC04B11D612Z'),(134,'Arialdo','Speziale','10568829','BTTFRC04A29D612X'),(135,'Faledra','Cataldi','4554909','BRBMKL04B06D612I'),(136,'Illia','Romano','2926762','BLGNDR04R16D612M'),(137,'Giovannica','Bartolini','11096210','BNOFRC05E12D612G'),(138,'Feliziana','Giura','7580918','BNNLNZ04E05D612K'),(139,'Vivianna','Armaroli','8385519','BRGTMS05L29D612O'),(140,'Fioramonte','Iacobelli','7274789','BRGGRG05S28D612L'),(141,'Ginio','Pello\'','8385568','BRGGRL05A26D612B'),(142,'Popola','Rimoldi','10667876','BRRFRC04R22D612G'),(143,'Coletto','Ferrara','7581088','BSCGLI04M04D612T'),(144,'Armellina','Cagnotti','4441198','BTZMCL04E05Z129P'),(145,'Clerice','Wally','6110792','BRNMTT04T14G999M'),(146,'Giorlando','Callegarini','17112641','BRVLNR04H28Z611D'),(147,'Paoluccio','Spalletta','2926586','BRGRLD05B02Z100P'),(148,'Ezechielle','Apa','7274697','BRSLRA05B59E625K'),(149,'Tobia','Sala','9395499','BRCMTT04D06D612O'),(150,'Ferrante','Longo','1111115','BRGPLA04P16D612V'),(151,'Raldo','Frasca','8385446','BRCSMN05R01D612F'),(152,'Marsina','Romagnoli ','7274639','BRNGGR05M06D612I'),(153,'Bonfilio','Cellini','5000826','BRNLNZ04P21A564B'),(154,'Fulviana','Coppola','11121663','BRSMTT05H07D612I'),(155,'Salvato','Vassura','4740793','BRSGNN05B03D612B'),(156,'Toriddo','Zepponi','11096165','BRTGLI05S64D612C'),(157,'Germondo','Filippelli','12076694','BCCMRC05M19D612V'),(158,'Crista','Rucci','11096166','BLGCLD05P15D612E'),(159,'Esperia','Covato','3732269','BRRNCL05S28D612N'),(160,'Fornaretto','Guerra','7690949','BRRCLL05P08G752Z'),(161,'Gabriella','Donnhauser','4578572','BTTLNZ04M26A657K'),(162,'Osmanna','Bello','7516348','BZKKVN04B16D612B'),(163,'Magdala','Cerilli','8385473','CBZCLL04B50D612D'),(164,'Carlina','Ciervo','9395528','CCCTMS05H15D612Y'),(165,'Duilia','Aiello','10694870','CCLLND04C31Z129C'),(166,'Ileano','Pepe','6311578','CLBSMN05S29D612A'),(167,'Toscana','Paolini','8658525','CLMLNZ04B18B036F'),(168,'Verther','Baragliu','7392196','CLNLSS04L20G752S'),(169,'Giacometta','Carbone','11095253','CMBSLF05P22A564K'),(170,'Carlo','Mane\'','7580941','CMLMTT05R02D612F'),(171,'Marxino','Rosato','2926768','CMRMTT04R18D612X'),(172,'Ermella','Ruggeri','8385474','CMCDNL05H20D612C'),(173,'Maudo','Di marco','10640700','CMMRFL04L05D612S'),(174,'Fermentina','Minuz','8078385','CNSNDR05S11A564K'),(175,'Viscardo','D\'amico','11257065','CNSMTT05H01D612S'),(176,'Vilfrida','Pello\'','4578672','CNGNTN05S11D612M'),(177,'Querrina','Neri','8385520','CNTLRD05A23D612Q'),(178,'Nivia','Marchesini','10230010','CNTLSS04S25D612Z'),(179,'Loreto','Boes','12777189','CNALRD05A02A564D'),(180,'Iago','Battaglia','7581140','CNZGPP05B21D612T'),(181,'Dirce','Mugione','7392244','CPTLNZ05T05G752A'),(182,'Prunisinda','Caporilli','8385475','CPLSAI04B63A564T'),(183,'Vito','Antonelli','10653977','CPRRCR04P26D612M'),(184,'Feridia','Bartolini','10230033','CRLRCR05R03A564K'),(185,'Auretta','Zaccaria','12070949','CRLRDI05D02D612W'),(186,'Piave','Palazzari','8385758','CRSLSS04S65D612F'),(187,'Siriana','Casella','8385759','CSCGGR04A22D612Z'),(188,'Nena','Di lena','10759033','CSNNDR04P30A564Q'),(189,'Dusola','Costa','8657686','CSNMTT05T14A564Q'),(190,'Imeldo','Bello','6000408','CSSLRI04A43D612Z'),(191,'Eutimia','Russo','3230974','CSTJCM04E42A564K'),(192,'Sante','Iacoangeli','1111116','CSTFNC05M24D612T'),(193,'Didimo','Urbini','3732354','CVLKAU04B09Z602C'),(194,'Valerina','Gubinelli','4452264','CVLGLI04R08G752J'),(195,'Vanno','Caligari','3107448','CVNMTT05T10A564L'),(196,'Addamiano','Piga','8384414','CZZDVD04D15D612P'),(197,'Martira','Pepe','13508552','CCNDLS04M09Z611H'),(198,'Bianchino','Paduano','3713855','CCCMTT05S29D612S'),(199,'Aldemiro','Torraca','11576223','CCCDRD05D30D612P'),(200,'Lucillo','Grossi pavia','7274484','CNTCRS05P20H224R'),(201,'Batista','Sartori','4555291','CRBLGU02M04D612S'),(202,'Accorso','Gasmi','7581092','CRBTMS04S25D612D'),(203,'Menuccia','Tabane','17001780','CRDMHS02R14Z611I'),(204,'Nivardo','Campana','8385953','CSTDRD04C25G752F'),(205,'Dalila','Marini','11597508','CHLLNZ05T13A564Y'),(206,'Gennara','Moschetti','6352867','CHNDRA05C07D612R'),(207,'Magda','Gromala','6352868','CHNLNZ05C07D612K'),(208,'Elsia','Grebenea','3107329','CHRVNT04R11A564S'),(209,'Orchidea','Malagigi','4711161','CHCLSN05B11Z138D'),(210,'Aduo','Ciervo','2926657','CMPNDR04L25D612B'),(211,'Giovina','Popescu','10767242','CPNNCL04M07D612D'),(212,'Ordelia','Marchetti','7274791','CSCFRC05L06D612O'),(213,'Alderio','Salvini','1111117','CVRLNZ04H23A564T'),(214,'Fadino','D\'achille','3107377','CCLMRC04E21A564Z'),(215,'Galgano','Lunerti','4740795','CCCLSN05M12A564C'),(216,'Shah','Montanari','4788239','CCCLNZ05D16D612R'),(217,'Gigliolo','Errahmani','10620261','CSTFRC04H30D612Y'),(218,'Genuzio','Battaglia','4629078','CLLLNZ05L11D612H'),(219,'Avventino','Benedetti','7274643','CLLLSN05D01D612P'),(220,'Folicardo','Milani','1111118','CLLGRL04A16D612N'),(221,'Fiorellino','Fusco','11100918','CLZMRK05R09D612Y'),(222,'Giorlanda','Di sipio','8922436','CNSCSM03T24D612F'),(223,'Giampietro','Martinelli','10230058','CNTGNN05A23D612H'),(224,'Novellino','Siapian','7392218','CNTPTR04B14A564R'),(225,'Ivania','Pompili','4554938','CNTTMS05B26D612E'),(226,'Prassitele','Marchesini','7274486','CSODRD05S05D612Z'),(227,'Pompea','Fraticelli','5010326','CPPLNZ04B13D612M'),(228,'Iliano','De rosa','8385760','CRSGCM04S09D612P'),(229,'Eudemio','Salvini','3732275','CRTCRS05R17A564U'),(230,'Dolores','Bardi','11591716','CRTPTR05P21D612N'),(231,'Filicetta','Michilli','3957205','CRTFBA04E11G491C'),(232,'Popola','Cicconi','6311582','CSMSML05E26D612O'),(233,'Emerica','Rizzo','4554914','CVRFPP04A29D612G'),(234,'Arletta','Vitor','8385525','CRSNCL05D10D612Y'),(235,'Fiorano','Apreda','8385368','CRSTMS04B04A564B'),(236,'Addiego','Usami','10653979','CRTNDR04S18D612E'),(237,'Ricco','Sasvari','14011733','CRTVLD05S06D612R'),(238,'Pinella','Capanna','4764071','DBRNTN04R23D612Y'),(239,'Guerrazzo','Linzi','11527433','DMBCTN04E09Z154S'),(240,'Orsolino','Minestrini ','8078657','DMBVNT05M14G491H'),(241,'Provido','Minelli','3107497','DLAGRL05L24D612L'),(242,'Arnoldo','Sasvari','11117238','DLPNMN05R13D612H'),(243,'Lellio','La sorda','13502129','DMNBHN01M02Z611G'),(244,'Edro','Castagna','8385482','DPNNDR04D25D612A'),(245,'Abbondanza','Bassolino','13471153','DRADTN03B23Z140U'),(246,'Felse','Dolciotti','11636328','DGNDRD05T18D612H'),(247,'Inelda','Valvano','4777303','DLCLGU04L26D612P'),(248,'Gioela','De stefano','10425725','DMRGRL04E12D612S'),(249,'Monserrata','Fabbrizi','2923342','DMRYRU05C16A564E'),(250,'Consola','Gatti','10077896','DMRDGI04B02A564N'),(251,'Curzio','Leonetti','7515250','DMTRRT04P04A564S'),(252,'Orsoletta','Boes','6182834','DNRMNL04T20D612N'),(253,'Fernero','Marata','11652252','DSMLSN06C03E054N'),(254,'Riva','Ricci','6000321','DSMNRW04E05D612H'),(255,'Siegfrid','Benedetti','9395601','DCNBJM04C27G752V'),(256,'Galiana','Assal','11397069','DGLLXA05L27Z155V'),(257,'Eleo','Policarpo','10613535','DEIMTT04T29D612L'),(258,'Micuccio','Polidori','11576424','DLPNDR05L18D612I'),(259,'Niveo','Mena','9395534','DLRLRD05B17D403N'),(260,'Fenenna','Pello\'','4578578','DLSTMS04H27A564Y'),(261,'Basiliola','Zapalski','11100862','DLLLGU05S20A564N'),(262,'Dagoberta','Mugione','2923344','DCRLRD04P10L103P'),(263,'Mora','Vidanalage','12379334','DDIMSL05P16D612J'),(264,'Agnello','Rocchi','6353546','DVCLSS02D29D612B'),(265,'Riposa','Barone','7274701','DSCJJN05D29D612D'),(266,'Odigitria','Curcio','7392277','DKUGRL04S01D612V'),(267,'Armelindo','Ferrara','13519513','LSHHDM03S30D612F'),(268,'Foliana','Russo','11121682','FBBGLI05C71D612W'),(269,'Iselde','Bruni','9395425','FBBSML05M11D612G'),(270,'Artemisia','Delgado','10577432','FBNSFN04A27D612X'),(271,'Primula','Sepe ','8657666','FGNMTT05H23D612K'),(272,'Odinella','Martino','10613565','FLSGLI04D09D612H'),(273,'Ribello','Malagigi','2923351','FLCLSN03A28D612L'),(274,'Reni','Attendoli','11121631','FLLTMS05E02D612X'),(275,'Fortunatella','Sipio','10614125','FLGNCL04C09D612T'),(276,'Adrienn','Calabrese','8248473','FNCSFN04E31D612M'),(277,'Lisena','Garofalo','10588062','FNTRCR04L29G752O'),(278,'Veridiana','Piersanti','8658962','FRJDRA02R11A564Y'),(279,'Oscare','Zaccaria','3107380','FRRLPA04L05A564Y'),(280,'Conone','Pinna','8922444','FRRMTT05C25D612D'),(281,'Fernaldo','Zanellati','11508769','FRRCST05T10G752W'),(282,'Muzio','Barsanti','3732280','FRRLSN04D06D612V'),(283,'Bonaria','Carucci','8657766','FSCLPA03M21D612U'),(284,'Feria','Vitali','4796169','FLPLLS04M54D612R'),(285,'Geo','Azzarri','10630269','FLPLSN04M08D612Z'),(286,'Renzi','Comini','4796201','FLPLRD05B27D612U'),(287,'Udilla','Di santo','11100878','FCNLNZ05P11D612V'),(288,'Floridana','Rizzi','11260433','FDRCLD05H26D612T'),(289,'Pinotto','Polyzopoulos','8922446','FGLMTT05P24D612I'),(290,'Metella','Iuliano','1111119','FRNVNI04B16D612O'),(291,'Enotrio','Sorrentino','9376732','FRNFNC05L19A564H'),(292,'Erno','Lazar','11460083','FRNGLI05E24D612O'),(293,'Teresino','Severi','11100893','FRSLPA05P21D612N'),(294,'Odilla','Bertini','3107499','FRTNDR05H11D612Z'),(295,'Orieldo','Benedetti','11552131','FRTFRC05A12D612S'),(296,'Norio','Harasymiuk','3732386','FRSMTT05L02D612W'),(297,'Asterio','Magalotti','8922406','FRLLNZ05E22D612G'),(298,'Damino','Fasano','8248442','FRUNDR04C03D612U'),(299,'Deonisia','Seri','8922407','FSUSML05S14G752Z'),(300,'Ippolita','Tranquilli','7580971','GLRMRA05A07D612Y'),(301,'Delfo','Wilmer','10653910','GLZGRL04A06D612P'),(302,'Tilde','Sorbalo','3732387','GLLDMN04P08A564P'),(303,'Paolo','Michilli','8385763','GRGGLD04S24D612I'),(304,'Omes','Bentivegna','8385787','GRGGJN04S24D612J'),(305,'Renata','Cagnotti','8385549','GRGGRL04B20D612A'),(306,'Bordino','Mollica','9904124','GRFTTR05S19D612D'),(307,'Barnaba','Carrara','11576225','GRFMRC05C12D612E'),(308,'Leido','Conflitti','9205728','GSPLNZ05A26G752T'),(309,'Fiumano','Sarpieri','10620265','GSPGRL04A28D612I'),(310,'Agrippino','Callegarini','6630529','GMGLEI04B11A564A'),(311,'Carolo','Pozzi','6182859','GHZKRM05T31D612S'),(312,'Grimaldo','Cangini','2926675','GHLMTT04H01D612N'),(313,'Abele','Bugli','8384419','GMPDSR04M44D612S'),(314,'Fedalma','Valvano','2926678','GNSMTT04D21D612T'),(315,'Eccelsa','Adorno','10613500','GNIMRC04T20D612L'),(316,'Benuccia','Tronconi','12071594','GNNCLD04A16Z603W'),(317,'Provvidenza','Antonelli','8078391','GNNVSC04T14A564K'),(318,'Noemio','Bragioto','6182883','GNNGLI05D19D612V'),(319,'Climene','Antonelli','8385504','GMGGRL04A31D612W'),(320,'Fondina','Costantini','9741463','GNPDVD05M21D403O'),(321,'Rizziere','Zenina','10674721','GRDLRD04E14D612F'),(322,'Angelina','Di tuoro ','11260435','GVNMTT05A05D612P'),(323,'Libertas','Ghini','10533652','GVNNDR04S23D583U'),(324,'Wolframo','Rizzo','8658208','GRDLRD04C08D612K'),(325,'Teresa','Basile','8922716','GLNGLI04S24A564Q'),(326,'Alcino','Ruggeri','10077900','GLNMTT04C19D612R'),(327,'Zaro','Covato','10635347','GNTMRC04M24D612S'),(328,'Venazio','Dallago','11835967','GJNRRS03H03Z100L'),(329,'Olfino','Ciarla','8922829','GJRGLB05L27G752B'),(330,'Signorino','Conte','8248425','GLNTMS03H04D612Z'),(331,'Bujar','Guzman soriano','10234324','GNZMLJ04S01Z600E'),(332,'Atto','Costa','4578625','GNZLSN04A28D612I'),(333,'Alferino','Alam','8922717','GROFNC04R17A564Z'),(334,'Miniato','Sanna','12076720','GRNRCR05A20D612V'),(335,'Nolberto','Mahu','5000839','GRCLEI04L17A564Q'),(336,'Consolata','Brambilla','4554966','GRFNCL05R04D612R'),(337,'Crispoldo','Sestito','7392202','GRFLPA04C20G752B'),(338,'Iaele','Carucci','4629083','GRGCSM05S12D612R'),(339,'Erminia','Fiadone ','4629084','GRGNEE05S12D612R'),(340,'Obriana','De filippis','7274566','GRLDVD05R22D612T'),(341,'Anselmo','Bassolino','4764075','GRSGRL04T28D612D'),(342,'Tarcisa','Usami','10639045','GZZLRD04C28D612K'),(343,'Fidalda','Stefanovich','8248399','GRRGCM05L04B036Y'),(344,'Averino','Siapian','12777167','GTRMLN04M02Z611K'),(345,'Euridice','Grossi pavia','10502486','GZURHN03T12Z100X'),(346,'Aristeo','Paglia','9057183','HEXJKY04M24G999Q'),(347,'Giovancarla','Castaldi','6401059','HUXJKY04H24I452B'),(348,'Marello','Fontanilla','11737204','HMNJNT05L19Z611O'),(349,'Guelfo','Emumwen','11090735','HYTSRL05C25A564Q'),(350,'Gasperino','Piro','3107408','NNLLPA03T19A564P'),(351,'Nieve','Pozzi','8192754','NNCNCL05S10D612H'),(352,'Alealdo','Serban','17021637','RRTMRC03T23Z611Z'),(353,'Zaveria','Ciarlariello','11105267','SPSCMN05E21Z129H'),(354,'Furiano','De peppe','13471151','KKNSDR04M22Z254S'),(355,'Filargina','D\'agapito','222221','KLJCLL04M18D612O'),(356,'Raule','Fontanella','13820872','KZLLND04S13D612K'),(357,'Romantino','Apreda','10816671','KLLMTT04H26D612V'),(358,'Feo','Hijjoui','3732398','LTRFBA05B01E625Y'),(359,'Petra','Cenciarelli','2941951','LNDLNZ05C30D612P'),(360,'Maino','Croce','12071800','LNDJNV04D05E715E'),(361,'Nuncia','Milutinovic','4788295','LNDYRU04L28D612A'),(362,'Marussia','Mussinelli','11096174','LNGVCN05P18A564Y'),(363,'Odigitria','Mamone','3732401','LNZGDU04C29D612A'),(364,'Matteo','Ferrara','8385531','LNZTMS05M17C415G'),(365,'Severiana','Spalletta','14677382','LRRDLN04C05Z611J'),(366,'Opelia','Callegarini','12376621','LSGLNZ05T06A564A'),(367,'Grazioso','Errahmani','10701144','LDNLRD04M20A564Z'),(368,'Eleuterio','Bragioto','8385374','LZZMRK04R08D612I'),(369,'Tersilla','La sorda','11100939','LZZDVD05E13D612L'),(370,'Brasilio','Pisacane','8922605','LZZMRC05M17D612K'),(371,'Chicca','Rosato','11117278','LKJNDR05R13D612O'),(372,'Armanno','Zapalski','11098119','LBNKCB05A51D612Z'),(373,'Piergaetano','Nini','7707416','LNIMRA04H22I348T'),(374,'Leopardo','Contiu','11576454','LPPDNL05A09D612E'),(375,'Miralba','Bellaneve','10722582','LSCFNC04T04A564G'),(376,'Lanciotto','Mele','10769522','LVSTMS04E16D612Q'),(377,'Elios','Gori','7274706','LDDGRL05H16D612Y'),(378,'Potito','Romano','12792412','LMBMNL05R27D612M'),(379,'Ascenso','Veneziani','8385793','LMBMTT04B15D612A'),(380,'Nabucco','Lunerti','9919461','LMBMTT05E07D612N'),(381,'Leonaldo','Andruccioli','10614131','LPZLSN04B13D612L'),(382,'Mingo','Napolitano','12074187','LSHLHD03S12Z100O'),(383,'Berengaria','Rossetti','4740803','LTTCSM05M06A564A'),(384,'Odelide','Bento da silva','10533697','LTTLRD04A22D612S'),(385,'Maggiorino','Barone','7690986','LTTLNZ04P01G752E'),(386,'Salvetto','Orlandi','7581120','LCULSN05E05D612G'),(387,'Turino','Casadei','4788419','LPNLRI03L63D612H'),(388,'Zulino','Napoli','11576455','LPUNTN05B22D612I'),(389,'Zola','De rosa','8385510','MGBBYN04H11E715Q'),(390,'Lenin','Zinnamosca','8922728','MGGDNL03B19A564X'),(391,'Elvea','Iachini','10340044','MGHFPP06A29D612P'),(392,'Salve','Lopez','8922608','MRNLNZ05E19A564U'),(393,'Silvia','Hajji','8922531','MRNTMS05P19D612J'),(394,'Ruberto','Baronti','17536673','MJMTVR04D21Z249E'),(395,'Virgilio','Grimaldi','7256393','MLNCHR04P54D612B'),(396,'Domenica','Muratori','3107504','MLCJSF04B06A564E'),(397,'Nereo','Parisi','3732293','MLQNDR04E16D612W'),(398,'Merina','Martino','4578627','MLPMTT04D06D612Y'),(399,'Oreglio','De peppe','8385813','MNCGRL04A20A564U'),(400,'Ingenuina','Bruni','12865430','MNCPBL04S19D612V'),(401,'Nilvo','Pracucci','8657699','MNDFRC05R28B036E'),(402,'Bastiano','Andruccioli','4629042','MNCVCN04S02A564V'),(403,'Derno','Popovici','6270124','MNNTMS04M15D612L'),(404,'Olimpo','Piacentini','4578628','MNNSFN04B26D612L'),(405,'Cicerone','Stefoni','12466600','MNRGRL04D03H501Z'),(406,'Oriemme','Galli','10685549','MNSMTT04L31D612U'),(407,'Adele','Mollica','11112441','MNZLNZ05T24D612J'),(408,'Saffo','Balloni','7274798','MRNCSM05D12D612U'),(409,'Bluetta','Sanna','3231008','MRNSML04R13A564V'),(410,'Rinella','Patwary','8385405','MRCRCR05D02D612R'),(411,'Casimirro','Iuliano','11459981','MRNFPP05H12D403W'),(412,'Fenenna','Dallago','11576458','MRNKNM05H06D612D'),(413,'Remidio','Bianco','6669702','MRNNCM05B23A509E'),(414,'Clemenza','Mauro','11257033','MRKRND05B09D612Y'),(415,'Febrino','Mangano','17111746','MRKDNL04D06Z100U'),(416,'Orviano','Costa','13488301','MRQJRL04D07Z611J'),(417,'Venanzina','Pierucci','10653988','MRTTMS04M03A564G'),(418,'Giovita','Latini','6000329','MSANCL05D26D612Q'),(419,'Anta','Boncompagni','11076343','MTTTMS04A17A564C'),(420,'Gelmiro','Cospito','11754512','MRAMTT05S11D612U'),(421,'Omas','Nurul','8922469','MZZDCC03B17D612S'),(422,'Zeffiro','Iacoangeli','11466084','MZZLRD05D08D612O'),(423,'Rosio','Tufano','10506784','MZZFRC04B22D612N'),(424,'Romina','Narducci','8922657','MCHLRT05M10Z154K'),(425,'Calfiero','Minestrini ','2923382','MGNSML05P22D612B'),(426,'Ivania','Usami','10674733','MLNMTT04H07A564F'),(427,'Sigisfrido','Sala','4788106','MLNLRD04R08D612X'),(428,'Filotea','Iacoangeli','8385534','MNCFPP05C17D612I'),(429,'Dionella','Cavallo','222222','MNGLNZ05H28D612O'),(430,'Babila','Pastore','7392308','MRTGCM04B03G752N'),(431,'Carmelito','Policarpo','10548630','MSSMTT05E27D612V'),(432,'Veronico','Di marco','10630270','MSTSRN04L04D612B'),(433,'Oldino','Carina','7581124','MCCFNC05D24D612W'),(434,'Armistizio','Policarpo','10613578','MCCNCL04D24D612X'),(435,'Fabbrizia','Nurul','7581100','MCHGLI04M24A564N'),(436,'Milvio','Scotti','11096208','MCHNCL05D07A564U'),(437,'Gerbina','Ferrarese','13290329','MCHMTT03P14A564X'),(438,'Fileno','Policarpo','4769841','MLLNCL04C02D612X'),(439,'Irmina','Tomassi','7274874','MNLMRK04R03D612F'),(440,'Ecle','Sanna','8385582','MNTLMO05M29A564H'),(441,'Ligio','Tarani','17021484','MHDRNH05L21D612I'),(442,'Ugone','Policarpo','14079194','MHMDMA04T03D612K'),(443,'Rildo','Palatano','10643365','MLNNTN05C22F839Z'),(444,'Liberante','Paradisi','11102601','MLLXLN04S21Z100O'),(445,'Girlando','Polyzopoulos','7256396','MLLDVD04P08D612W'),(446,'Giglia','Piro','4711224','MNBGLE04A16A564R'),(447,'Eccelsa','De simone','6000416','MNCSML04S20D612X'),(448,'Felio','Fazi','2926835','MRLGLI05T03D612E'),(449,'Peppina','Von oppen','10613579','MRGNDR04B21D612O'),(450,'Panfilo','El kaaba  armit','10533689','MROFPP04D11D612C'),(451,'Adorna','Pozzi','6270126','MRCGNT03T22A564I'),(452,'Faliera','Bellino','7274654','MRRTMS05P06D612Q'),(453,'Slobodan','La bella','4740757','MSCGNN05B25A564Z'),(454,'Armelinda','Castelli','11096178','MSCVRI05B15D612S'),(455,'Morfeo','Veneziani','4578630','MSCSFN04B09D612F'),(456,'Novella','Anklin','9617035','MSSNSA05H18D612K'),(457,'Avventina','Di sipio','9617036','MSSYMN04R04A564X'),(458,'Quartiero','Burla','3434042','MHMDRA03E30G752A'),(459,'Redivo','Patruno','7581028','MHMSMN05R11D612B'),(460,'Crocefissa','Castelli','7581126','MRDMTT05M07B036S'),(461,'Enrichetta','Marchi','16598774','MRRKJD05A18Z100A'),(462,'Rito','Pulsoni','8384447','NCRLSN05C07D612O'),(463,'Famiana','Pacini','11096181','NMKDNS05P16D612U'),(464,'Ottilio','Mane','3732424','NRDGLI05T30D612G'),(465,'Ires','Gentilini','4788254','NDJFLV04T31F205P'),(466,'Nuccia','Filippelli','8657727','NDRRDA05E14D612A'),(467,'Anelusco','Panchetti','2926839','NNCMNL04C31C573T'),(468,'Giorlanda','Ferrero','10196539','NNCDNL04C27B036R'),(469,'Fannina','Jagmin','11097751','NSERTR05B25D612K'),(470,'Asterino','Campana','10674736','NSETMS04T18A564N'),(471,'Gerina','Colombo','2926564','NCSDGI04M10D612F'),(472,'Faisa','Passitto','3732426','NCTMRA03D10D612P'),(473,'Gualfredo','Gentili','3732427','NGRMTT05P23D612R'),(474,'Donillo','Vitor','10674738','NNCLRD04H20A564J'),(475,'Ciro','Bushulli','11260438','NTTCST04T02D612E'),(476,'Olimpo','Vitale','10816769','NCCDNL04C07D612I'),(477,'Tanio','De la cruz','6270127','NCNSMN04E20D612C'),(478,'Fidelfio','Diamantini','7580933','NVLFRC04D10D612U'),(479,'Salve','Cataldi','8385459','BLCSML05D14D612G'),(480,'Omelia','Ruggeri','7274596','MTTFNC03B07D612T'),(481,'Orizio','Paglia','11194954','TTRMTT04L13D612X'),(482,'Ercola','Urzo','2926709','PCAPTR04A04D612N'),(483,'Ilario','Romano','4578585','PCNLRD04R19A564G'),(484,'Domiziana','Marata','10481978','PGLGRL04T18A564B'),(485,'Ottaviano','Ruggeri','9395513','PLLRCR04B05D612V'),(486,'Vittoriana','Colongi','14011915','PLMFNZ05H01G999G'),(487,'Pasquale','Pasquini','6110643','PNALSS03T03D612D'),(488,'Domiziano','Moro','7765914','PNAFNC05T09D612F'),(489,'Quadrio','Hossain','8078664','PNAGCR05M22D612W'),(490,'Isacco','Bonn','10077875','PLTMRC05S16A564I'),(491,'Manilla','Coulier','7392207','PPAGDU04S25G752N'),(492,'Obbes','Sala','10552103','PPAFNC04C19D612Y'),(493,'Ifigenia','Cusin','8922842','PRNLNZ05R09D612Z'),(494,'Quinta','Wozniak','8385707','PRGNDR05B11D612Z'),(495,'Alcmena','Vella','8385691','PRGTMS05B11D612R'),(496,'Paolica','Labella','16616531','PRNDNF04R11Z611T'),(497,'Stellamaris','Eichenberger','10346393','PRSFNC04R09B036J'),(498,'Orione','Urzo','10701154','PRRSML04S04A564Z'),(499,'Cesino','Agostini','8922482','PSQLPA04T20D612J'),(500,'Emerio','Kamal','14215995','PVLNTL03T10Z140M'),(501,'Manlia','Sanges','10196765','PCCGLN03R29D612O'),(502,'Valeriano','Bellini','9346222','PLSMTT05M26D612G'),(503,'Besso','Sgrigna','2926715','PRRSML04L04D612N'),(504,'Amaddio','Steffanina','4740758','PRRCST04R29D612R'),(505,'Orgilla','Di pasquale','8922545','PSCNCI05S14A564E'),(506,'Olderigio','Diamantini','10830529','PTRTMS04L24A564D'),(507,'Almiro','Villani','7196522','PTRRCR05H14D810W'),(508,'Ernestino','Rifilato','8922483','PTRNCL04A04D612U'),(509,'Ricci','Guidi','4946457','PZZLCU05M16D612V'),(510,'Medina','Fralassi','8922843','PZZMRC05P22A564N'),(511,'Evarista','Valentini','7274527','PCCDRD04T19D612L'),(512,'Elpidio','Morsiani','7274802','PCCNCL05H14D612S'),(513,'Pupa','Tarani','8922484','PCCSML04T03D612D'),(514,'Abbondazio','Quadrini','4788181','PRLMLE04C18D612U'),(515,'Stefania','Medda','7392259','PRISCC05D16G752W'),(516,'Alfano','Zavalloni','8657675','PPLLNZ05B28D612Z'),(517,'Laurita','Simoni','4629092','PRRCST05T08D612U'),(518,'Sveva','Fraticelli','10077916','PLCMTT04B28D403F'),(519,'Domiziano','Ianne','3732434','PGGLPA04R13D612F'),(520,'Mietta','Sestito','6182844','PMPNDR05R31D612S'),(521,'Roldo','Baldari','4554976','PSRGRL05M26D612P'),(522,'Eunice','Gutjahr','4648594','PZZNCL04H09A564V'),(523,'Policarpo','Donati','4554851','PRTRFL04S22A564X'),(524,'Adionilla','Delgado','10613586','PRTGRL04T30D612C'),(525,'Ismene','Cataldi','13472200','PYSYGR03S06Z138R'),(526,'Elfina','Baldi','11528344','QHJLNE05D28D612X'),(527,'Felicina','Rebeccato','14083817','QIUNGL02P30I046D'),(528,'Censina','Biondini','4554876','QDRNDR03L15D612W'),(529,'Frines','Morselli','16615170','RDAKLM05T24D612P'),(530,'Valento','Lazazzera','8248835','RGSMRK04E29D403I'),(531,'Lisina','Mariani','4578682','RMNLSS05C29D612J'),(532,'Filadelfia','De santis','12467817','RJPNNK03M10A564L'),(533,'Cabirio','Balta','9538527','RSTNDR04S13A564A'),(534,'Arino','Tazzari','8922488','RVGLNZ05H08D612K'),(535,'Filargina','Bernardi','7581106','RVGMRC04T29D612C'),(536,'Nellusco','Strazzanti','8922489','RGLMLI05E31D612G'),(537,'Zulina','Rossetti','2926856','RTTLNZ05S05A564A'),(538,'Giosafat','Boes','4578635','RCLNDR04M01D612U'),(539,'Fausto','Wicher','7274553','RCCRCR04D09D612H'),(540,'Masiero','Avendato','8922490','RCCTMS04R26D612U'),(541,'Oscarre','D\'emilia','11100852','RGCLNZ05E08A564H'),(542,'Fabriele','Cavallo','7581149','RNLLSS05M05D612X'),(543,'Novarro','Ducci','8385798','RCCLSS04H43A564N'),(544,'Quisilio','Fontanilla','3732442','RCCSML04E13D612E'),(545,'Ilio','Fontolan','11918614','RMGNCL05H05D612U'),(546,'Rovero','Giorgetti','10340901','RNCDVD05S16D612W'),(547,'Fiammina','Laita','18195857','RSLFRC05P26Z505S'),(548,'Ivetta','Rosato','3713896','RSLSML05M01D612V'),(549,'Temistocle','Longo','9395589','RSOFNC04R27A564U'),(550,'Archibaldo','Planta','3107559','RSSGLI04E12D612W'),(551,'Odila','Vanni','11096184','RSSDRA05P25D612T'),(552,'Adrienn','Sestito','13807645','RSSNEE04B08A564M'),(553,'Metello','Sorrentino','11096137','RSSGMR05E30D612S'),(554,'Evangelisto','Cospito','8385382','RTRMTL04C07D612T'),(555,'Prosperino','Eichenberger','10635356','RBNTMS04E10D612U'),(556,'Mirocle','Vitor','9449724','RGGTMS05R07D612J'),(557,'Alfonso','Laurenti','7274853','RSGLNZ04T04D612T'),(558,'Pieretta','Marocchini','8385557','RSSCRS04T03D612M'),(559,'Aldimaro','Romagnoli ','8248836','RSSNCL04L08D403K'),(560,'Silene','Taifi','7274528','SCCMTS04S22D612H'),(561,'Aido','Orlandi','2926731','SLNLNZ04D29D612C'),(562,'Osetta','Iuliano','8657794','SLSNLS03R24A564R'),(563,'Miretta','Cellini','10619503','SLVMTT04T30D612V'),(564,'Ascenzina','Brunetti','4590006','SMMKNJ04L23D612T'),(565,'Ivona','El kaaba  armit','8385586','SNDNCL05C16D612I'),(566,'Siviglio','De angelis','8922816','SNAFNC05M24A564M'),(567,'Leardino','Ahamed','7274880','SRTFRC05E23D612C'),(568,'Ires','Sanna','10613591','SRTNCL04M31D612S'),(569,'Quintilia','Paolini','8248384','SSSTMS05B23D612G'),(570,'Emirio','Forcina','4554854','SCRLSN04B01D612J'),(571,'Gelindo','Giuliani','7274503','SCRLNZ05L25D612X'),(572,'Arina','Panichi','4769766','SCHSHR04D12Z222I'),(573,'Marziano','Romano','3732448','SCCTMS04S26D612C'),(574,'Everaldo','Benhadda','7274854','SNSGLI04S10D403P'),(575,'Fenella','Siracusa','7392236','SRGKVN03T27G752R'),(576,'Rambo','Romani bergonzo','10506861','SRRJCP04R05D612M'),(577,'Roviero','Boschi','11508528','SSTNDR05B12D612N'),(578,'Valentiniano','Comini','12416817','SHHNTN05D26Z115P'),(579,'Almo','Domenicali','7260174','SHTRKE02P16D612Y'),(580,'Favorino','Porta','12474554','SCTFNC05A19Z216A'),(581,'Gigetta','Bellini','8922845','SLILSE05H42D612V'),(582,'Onezio','Domenicali','12457219','SLPTLD05A20D612I'),(583,'Veturia','Castagnoli','8658217','SMNLRD05A02A564C'),(584,'Luigino','Martinelli','4991226','SMNMRK04R15D612V'),(585,'Amanda','Montevecchi','2926872','SMNNDR04M09A564X'),(586,'Argea','Sassetti','11619137','SMNMTT05H23D612P'),(587,'Idelio','Galli','12071170','SNCDSL03R14Z129W'),(588,'Orfelio','Conte','12071586','SNGMRJ03S21Z222U'),(589,'Santino','Marini','18240408','SNGSHD05L25Z222K'),(590,'Alice','Infante','13410115','SNGSRN04A16Z222I'),(591,'Cristano','Croce','11100979','STRLSS05S28D612N'),(592,'Iano','Guillen crespo','3107442','SKVLSN05S12D612M'),(593,'Plinia','Greco','6100918','SMRBRM04L12G273P'),(594,'Memmo','Manzi','7274504','SCCLNZ05M12D612Z'),(595,'Bordino','Marata','8078402','SDNLDR05E13D612N'),(596,'Orvedo','Resende azevedo','8385385','SMGLSN04H10D612T'),(597,'Giarrico','Fiuzzi','4764053','SROSLN04P09D612Y'),(598,'Madio','Niane','7581277','SRTLSS02R08D612I'),(599,'Dorindo','D\'amico','11096239','SPGLNZ05H04D612Y'),(600,'Mirna','Sementilli','8248661','SPGJCP04T20A564R'),(601,'Laurindo','Pracucci','11117318','SPNTMS05S28D612J'),(602,'Leido','Abu','7581011','SPLLSS03E13D612N'),(603,'Fedrigo','Minuz','5013453','STNDVD02R14D612I'),(604,'Ardita','Pellegrino','6182919','STNMTT05S26D612Z'),(605,'Oclide','Marano','6044171','STFLRD05M14D612U'),(606,'Susetta','Raqabi','18243958','STRDVD05H01D612Y'),(607,'Dea','Vella','3107509','STRGRL04S25D612Q'),(608,'Catena','Poli','8876115','SSNGRL05E23I726L'),(609,'Bujar','Martys','8385541','TDRRCR05P08D612M'),(610,'Onelia','Minelli','11607221','TTASML05H27D612R'),(611,'Odilia','Perrone','9037942','TLVDGI05L13D403U'),(612,'Fulgido','Colli','4740761','TPNLRD05L26D612S'),(613,'Sistino','Jianu','2234897','TRNMLN04A08E648R'),(614,'Argo','Haji','7274737','TEICSR04S03D612M'),(615,'Gioia','Borkowska','10701168','TRCMTT04P13D612R'),(616,'Guido','Costa','4946630','TSTMGN03M04D612L'),(617,'Ges˘','Fontanilla','10499786','TTCMLB05R19Z129J'),(618,'Tomaso','Pasquini','11494858','TNCMTL05E13D612M'),(619,'Ludovica','Nuti','7581152','TTNHRY04E03Z605K'),(620,'Erberto','Nicastro','7581133','TCCLPA05C02D612X'),(621,'Rosiano','Usami','3713903','TFNNCL05H30D612P'),(622,'Fulgenzina','Ferrari','11096198','TNOLEI05A24D612E'),(623,'Stanislava','Donatantonio','11528353','TRTNDR05B27D612B'),(624,'Artimio','De domenico ','10613595','TSSLSN04B27D612Y'),(625,'Mariassunta','Pellegrini','8385588','TRNLLD05P29D612V'),(626,'Firmo','Borghini','6182899','TFRDVD04D07A564W'),(627,'Idomeneo','Santucci','13507228','TMMLNZ05A04D612K'),(628,'Gloria','Bushulli','13433505','DDNTRD06C16L840T'),(629,'Valdomiro','De angelis','6110855','GLNLNZ05T16D612G'),(630,'Assunto','Malagigi','12238409','MLUJRT04R17Z216C'),(631,'Filippo','Milenov','4764502','VLDJGN04R18D612S'),(632,'Niccolino','Zanetti','9741408','VLNNNL04R21D612U'),(633,'Fierino','Zolea','4946584','VLNSRN05P45D612A'),(634,'Apollinare','Di maio','9599477','VSQGMF03M22D612M'),(635,'Aleandro','Gagliardi','4554930','VLECST05A21D612S'),(636,'Gaia','Ciarla','10766074','VNZLNZ04S15D612B'),(637,'Terzio','Di santo','4788355','VSTMTT04C27D612K'),(638,'Waldemiro','Nuti','8923753','VTTGLI03T26D612Q'),(639,'Brizia','Nicastro','6047803','VLGSML04P27D612E'),(640,'Robledo','Patwary','7274557','VLLTMS04S16D612H'),(641,'Egiziaca','Niane','12349301','VNRDNL03S01Z140H'),(642,'Agenore','Steffenoni','11655452','VLIDNC04S26F112G'),(643,'Marilda','Laita','4711252','VTIMSM04E08D612L'),(644,'Quindalina','Pellegrino','8922783','VVLCRS04E28A564W'),(645,'Longino','Sestito','4578666','VZZLSN05M13D612U'),(646,'Ercolino','Maldini','4946510','VHRHSH05M06Z222X'),(647,'Adorata','Vincenzi','12792677','WNGFFN05L06Z210I'),(648,'Odemia','Proietti','4764452','WRDSTN05C10D612Y'),(649,'Libertino','Romeo','4764453','WRDWLA05C10D612F'),(650,'Serenilla','Ferrarese','14224823','XIEDVD04P06G999I'),(651,'Idelio','Orlando','10751820','XIEGNN05E13F952K'),(652,'Oceano','Cutillo','13310551','YNGNDR03M12D612L'),(653,'Dalinda','Zurzolo','9173183','YNGLVI05C09D612H'),(654,'Emerigo','Pello\'','11110681','YSSMMR06A24D612O'),(655,'Marlena','Ceccarelli','6110604','YEXYDN05S18D612D'),(656,'Nicolangelo','Croce','8248913','ZBRNHL02T10A564Q'),(657,'Folo','Delgado','9395550','ZFETMS05S01D403Z'),(658,'Pantaleo','Paglia','11528278','ZLNMTT05A29D612X'),(659,'Leonino','Bagnaia','8922504','ZLELRD04R19D403P'),(660,'Salvatora','Battelli','18260021','ZHNCGY04H28A944M'),(661,'Donnino','Teodorani','13429533','ZHUGGY03C27L840Y'),(662,'Fantino','Sanges','8922505','ZNGNCL04P03D403K'),(663,'Sigismunda','Campanella','7581033','ZNDMTT05H16D612V'),(664,'Fernando','De domenico ','11097976','ZPPDNL05S08D612G'),(1087,'Angiolina','Hajji','4555266','MRRNBL02M30D612M'),(1088,'Tello','Bruno','9637949','LBNGPP02P05C342I'),(1089,'Annalisa','Palumbo','3732317','LSSLRD03E20D583Z'),(1090,'Melitta','Forcina ','4764482','LNALRD03C31A564C'),(1091,'Nardo','Zivkovic','6183009','LBDGLS01C20D612W'),(1092,'Ebe','Albanese','4554983','MTALSN03T05D612Z'),(1093,'Sibillo','Leone','4543082','NDRJCP02E25A564L'),(1094,'Siviglia','Fusco','8079736','NDRMRC01P23D612N'),(1095,'Finizio','Fasano','13399741','NZTLND02L30Z601O'),(1096,'Fiorinto','Russo','8249567','NGLDNL02S17D612R'),(1097,'Obizio','Arena','10078030','NNNLNZ01S30D612V'),(1098,'Argemiro','Ermeti','4555375','NTNPTR00R15I046A'),(1099,'Guadagno','Amato','9741741','RPAZKL02H16Z100U'),(1100,'Consola','Williams','8922951','RFLRCR02H22D403Y'),(1101,'Porzio','Covato','6182924','SLMHMZ02E11Z236W'),(1102,'Roero','Rocchi','4740764','TRAGRL03T24D612G'),(1103,'Ovanda','Cipollone','4764430','VGRFNC03L01D612F'),(1104,'Adalindo','Nuti','3732322','BCGNCL03C01D612B'),(1105,'Aldimiro','Di sipio','4732001','BDAFPP01E29D612H'),(1106,'Donatuccio','Felici','7275013','BGNFNC01P25D612T'),(1107,'Marianella','Testa','8662185','BGRNCL01P28D612P'),(1108,'Oder','Frasca','6000630','BLAMRC02C20D612R'),(1109,'Aldegondo','Manchia','7580987','BLDFLV03C06D612S'),(1110,'Enerina','Assal','4796141','BLDSFN04A10D612Q'),(1111,'Prescillo','Baldinotti','9616787','BLDNDR03T04A564G'),(1112,'Ambretta','Siracusa','7581569','BLLSML02H15A564U'),(1113,'Ruffo','Arlati','7275088','BMBLRD01A25D612Y'),(1114,'Follia','Monsone ','3733116','BNCMRC00R16D612L'),(1115,'Emanuela','Bardi','4554985','BNDNCL03L15D612R'),(1116,'Aldo','Narducci','4764840','BNALRD02B25D612A'),(1117,'Quartilia','Franco','6121446','BRBNCL00L30A564F'),(1118,'Frida','Fralassi','4984964','BRCPTR01A01A564V'),(1119,'Salvina','Tioni','3732870','BRCLNZ02P05D612R'),(1120,'Cenzina','Laurenti','8657757','BRNNCL03R25A564R'),(1121,'Elisio','D\'amore','8923612','BRTMNL02M20D612S'),(1122,'Ricco','Sbreni','8248534','BRTMTT03P09I533F'),(1123,'Baingia','Zecchini','9411262','BRTLNZ02A31B036K'),(1124,'Ponziana','Iacoangeli','8387388','BTSLSS03T29D612H'),(1125,'Santo','Boschi','8079025','BTTLPA02C03A564M'),(1126,'Oscherino','Rosato','4975939','BTSJCP02S25D612K'),(1127,'Wolframo','Liberto ','4629102','BCGDCC02E19A564L'),(1128,'Olferina','Clesceri','8922970','BLMJLO02S02A564A'),(1129,'Brunoro','Odigwe','9814560','BLFDNL03B01A564M'),(1130,'Arames','Di benimeo','8249277','BLLGDI01H68D612A'),(1131,'Ellero','Prelati','8249294','BLLGRG01H68D612Z'),(1132,'Nilvio','Baldinotti','222223','BLMFPG01S21Z603C'),(1133,'Levi','Nini','8922569','BNCLNZ03E02G752V'),(1134,'Zelia','Villani','7581282','BNLMTT01H07D612S'),(1135,'Ricca','Sbreni','7581059','BNVNTN03H15D612S'),(1136,'Mariacasilde','Apreda','7392215','BNNFNC03L10G752Z'),(1137,'Siviglia','Castaldo','3733129','BNVTMS01C21D612H'),(1138,'Mileno','Conte','4778808','BRSDDN01B07A564V'),(1139,'Floreanna','De rosa','7581234','BRNGCM02C28D612J'),(1140,'Idomeneo','Albanese','10236202','BRNRCR01T30A564U'),(1141,'Eufrasina','Caccamo','4578743','BRTLPA00T18A564E'),(1142,'Plauto','Tioni','9879661','BRTLSS03A30D612B'),(1143,'Remido','Franco','2926905','BFRMTT02P25A564D'),(1144,'Savio','Lombardo','10307904','BGILRD99L02D612G'),(1145,'Gianfilippo','Fratini','10133107','BNCLSN01R21D612M'),(1146,'Orsina','Usami','9445315','BNCTMS03C18A564A'),(1147,'Olivana','Mena','4711512','BLRFTN02A19D612X'),(1148,'Guelfo','Grande','4543064','BNDNDR02P28D612E'),(1149,'Giosefatto','Di renna','4788506','BRLMRC02B26D612J'),(1150,'Bellisario','Olivelli','4981750','BZZLSS99S26D612Q'),(1151,'Orana','Salvemini','6000432','BZZLNZ02E14D612U'),(1152,'Nazzario','Fratini','8248415','BLGNNN03P26D612Q'),(1153,'Filiberto','Gatti','4975976','BNCBNR01S28A564P'),(1154,'Remi','De santis','3232240','BNCPTR01S12B036A'),(1155,'Camillo','Montanari','8923000','BNGMTT01S10A564N'),(1156,'Graziosa','Agostini','2938728','BNNDRD02R26D612V'),(1157,'Ricciarda','Cagnotti','10132875','BRCFNC00L26D612R'),(1158,'Alearda','Albanese','3732891','BRDDCC02H03D612H'),(1159,'Adalgisa','Baiano','10197097','BRTGNN01R19D612W'),(1160,'Nelida','Zamberlan','4578721','BRGGLC01H11D612K'),(1161,'Gerlando','Gamberini','4555174','BTTFRC99E29D612E'),(1162,'Reziere','Moschetti','11419987','BHCBLL01L17Z330K'),(1163,'Alderigi','Fontanella','3732335','BHFHTM03S01D612P'),(1164,'Fenzo','Marra','4711581','BRNLPA01R09D612C'),(1165,'Frigerio','Santucci','4764647','BRZGNN00P28D612Y'),(1166,'Mohamad','Frasca','6121298','BRGRND02D13Z100M'),(1167,'Reginetta','Orlandi','3732896','BRGGRL01C26A564F'),(1168,'Piera','Policarpo','9377230','BRCFPP02L09D612T'),(1169,'Filimena','Marchi','4711626','BRGGRL01E17D612G'),(1170,'Florise','Sanna','3732344','BRSJCP03B15D612W'),(1171,'Fegra','Ruggiero','4578723','BRTMRC01B17D612T'),(1172,'Giorlandina','Di paolo','4578696','BRTPTR02R12D612O'),(1173,'Telemaco','Prelati','9395554','BCCPTR03A16D612U'),(1174,'Fulviana','Palmieri','9377243','BCCTMS01L14D612Y'),(1175,'Oreliana','Bevilacqua','222224','BCCMTT03A05D612Q'),(1176,'Soccorsa','Curcio','8079029','BCCTMS02P09D612J'),(1177,'Africo','Hushchyna','8248894','BCCDRA02R08D612U'),(1178,'Antonica','Conti','10245305','BFLMRC01B07D612W'),(1179,'Fiori','Corrado','3732899','BGNGRL01T14A564B'),(1180,'Velino','Siracusa','7581651','BNNJCP00M14D612L'),(1181,'Filina','Spalletta','12710817','BNUNDR02S12B036D'),(1182,'Bortola','Monsone ','4777521','BRBRBN01B22D612C'),(1183,'Fernida','Baronti','7581486','BRLLRD99R07D612S'),(1184,'Delia','Martino','6183061','BTUMTT00A23D612L'),(1185,'Rino','De peppe','7648086','CGLDVD03E18D612K'),(1186,'Gabrio','Donnhauser','9814451','CZZLSN03A04D612X'),(1187,'Elisio','Barruga','6182968','CZZSFN02H11D612M'),(1188,'Orchidea','Serra','7581237','CLMMTT02R17D612C'),(1189,'Eliodora','Jebrane','11370188','CLRSMN01S23Z603N'),(1190,'Averina','Biondini','4555269','CLVLRD02P20D612D'),(1191,'Abramino','Usami','8923737','CLSNDR03D23A564J'),(1192,'Feluccio','Malagigi','9726690','CLSMTT03C11D612D'),(1193,'Ginetto','Apreda','8079030','CLSMRC02T03D612U'),(1194,'Filiberta','Adorno','8923016','CMBCRS01R16D612R'),(1195,'Feliciano','Fasano','9879706','CMBFPP03S21D612E'),(1196,'Giannico','Sassi','10133049','CMBMRC03R02D612C'),(1197,'Tano','Pereira de castro','8662263','CMBSMN00P23D612Z'),(1198,'Ivonia','Bennada epse herichi','4543047','CMGLNZ02E27D612N'),(1199,'Amandino','Bonn','8923456','CMPFNC01C28D612V'),(1200,'Felidio','Pascale','8385624','CMPGRL03A09D612R'),(1201,'Ubalda','Naci','10132673','CMPNDR02M22D612F'),(1202,'Miro','Pasquini','7274607','CNGDGI03L02D612S'),(1203,'Raoul','Azzarri','3733172','CPRTMS01P18A564G'),(1204,'Fornarina','Paul','7275095','CPPFPP01H05D612Y'),(1205,'Noretta','Mollica','11390287','CPPNCL02S28D612I'),(1206,'Armena','Antosh','7275040','CRBCST01S27D612I'),(1207,'Barbarino','Croce','6182927','CRDMTT02S25D612Y'),(1208,'Filodelfo','Pascucci','4543108','CRLSMN01T19D612H'),(1209,'Trusiana','Jebrane','8923025','CRMLSN02D27A564D'),(1210,'Secondiana','Bazzocchi','12747048','CRRGMR99S11Z611Z'),(1211,'Igildo','Mena','3107375','CRRNCL03C05A564F'),(1212,'Ellenio','Policarpo','7274993','CSNLSN02R16D612A'),(1213,'Ermena','Passitto','4543068','CSTNDR02L25D612Q'),(1214,'Livio','Marini','9871407','CSTDND01A18Z600X'),(1215,'Venusta','Brizi','8923032','CSTDRA02D06D612T'),(1216,'Antonetto','Ranfi','3733181','CVLDRD02H13D612S'),(1217,'Regildo','Villani','8923756','CVTLSN03H19G752W'),(1218,'Laurenzo','Pierucci','8923757','CCCNCL03B28A564Q'),(1219,'Meuccia','Di benimeo','10170749','CCCFPP03D22A564D'),(1220,'Geromina','Laurenti','4740890','CEINDR01T21D612D'),(1221,'Zanilla','Coluccio','3733185','CEIMTT00P24A564M'),(1222,'Onesima','D\'amico','6182879','CRBSSH03C24A564D'),(1223,'Cassiano','Mahu','8662033','CSRTMS03A14D612V'),(1224,'Lillia','Tronconi','8662056','CSRFNC02L22D612S'),(1225,'Floride','Lattanzi','8249768','CSRFNC01A20G752T'),(1226,'Felicissimo','Mincuzzi','11728467','CHVPPL00S25A564D'),(1227,'Ercola','Cutillo','4764511','CHLDNS02P70D612R'),(1228,'Fiormaria','Zecchini','12419219','CHNHLP00H29D612T'),(1229,'Ostelia','Cozzolino','7850153','CHNGLI02A22H926C'),(1230,'Idilio','Patruno','3713856','CHRCLD03L12D612P'),(1231,'Walburga','Wozniczka','8079371','CHRLRD01T01A564I'),(1232,'Ermolao','Pozzi','4740794','CHRGRL03B12D612B'),(1233,'Atanasio','Paolini','6353597','CHTLSN01C19D612L'),(1234,'Clearco','Tulli','6000727','CMPSLV00M05Z155I'),(1235,'Aldighiero','Tosolini','7691003','CNCNCL03B07A564X'),(1236,'Eusebio','Eichenberger','7691004','CNFLSS03M01A564S'),(1237,'Orestella','Acunzo','10311155','CRNGNN03C24D612V'),(1238,'Taddea','Dotti','7274584','CSCNCL03D16D403Z'),(1239,'Enotria','Pascucci','8387072','CTTMHV03S14Z234A'),(1240,'Roselino','Trombino','3107778','CBCLNZ02H01Z133S'),(1241,'Erildo','Di stefano','9879687','CCLMRK03R09D612U'),(1242,'Libertas','Ricciolino','9814484','CCCLSN03C25D612S'),(1243,'Aristotile','Santini','12376617','CKLKLD02P22Z100X'),(1244,'Giacobbe','Passitto','12339363','CMRDRN03A28Z140B'),(1245,'Leto','Bianco','7691005','CNIDRD03C03D612N'),(1246,'Leonide','Covato','4788126','CFILNZ03L27D612G'),(1247,'Clemenzio','Colombo ','6000390','CRLLGU03H06C129D'),(1248,'Lesbino','Fontanilla','6182970','CRRLNZ02A21D612M'),(1249,'Macedonio','Fratini','3732919','CLLLNZ01C16D612T'),(1250,'Erasmo','Policarpo','12347667','CLLMTT01E11D612X'),(1251,'Iperide','Pasolini','12070958','CLMPVN00C10Z216W'),(1252,'Fanni','Morselli','9726693','CBORLJ02S27Z100D'),(1253,'Fabrina','Jebrane','10077929','CLOFNC03B16D612U'),(1254,'Norveglio','Mariani','7274813','CLOSMN03A27D612U'),(1255,'Mauretta','Moukrim','8923058','CLOTMS01B13D612M'),(1256,'Calogera','Gori','7274943','CLZDRA02D15D612U'),(1257,'Leonzia','Santoro','4740842','CNSMNL02H25D612C'),(1258,'Mirio','Dallago','8922515','CNSMTT03E21D612K'),(1259,'Aurelio','Strazzanti','4543070','CNTCSM02A15D612W'),(1260,'Adorno','Minnella','8249018','CNTLNZ01B22D612R'),(1261,'Ladislava','Pozzi','8249019','CNTMTT01H14D612A'),(1262,'Olivietta','De la cruz','4555097','CPPLNZ01T10A564V'),(1263,'Geniale','Brambilla','9814486','CPPMHL03H23D612N'),(1264,'Zelica','Palatano','2938783','CRBLNZ01C03D612M'),(1265,'Graziano','Santana moscato','7735631','CRBLNZ01L14A564S'),(1266,'Gregorina','Filagna','4543110','CRSFNC01C20D612R'),(1267,'Verardo','Lacerenza','9879710','CRSMRC03E23D612Y'),(1268,'Ferrida','Croce','3732876','CSBTMS01T29D612L'),(1269,'Angelo','Santucci','3733212','CSTDVD02R17D612C'),(1270,'Cataldino','Pelo','4404936','CTZFBA01M02M082Z'),(1271,'Gianvito','Cozzolino','7735839','CZZMHL02P03D612A'),(1272,'Palladino','Jagmin','12403947','CRNGHR01B12D612K'),(1273,'Orena','Gubinelli','7260161','CRCDRD02M01D612I'),(1274,'Emidio','Manchia','4984934','CCCNDR02M16D612G'),(1275,'Adelino','Vella','6353545','CNUMRK02E30D612A'),(1276,'Cliceria','Sepe ','10133051','CPPMRC03R03D612K'),(1277,'Giani','Iacoangeli','8662035','DMBMTT02S23A564M'),(1278,'Odasco','Zeolla','11320834','DMDFNC00H04A564E'),(1279,'Turio','Ghini','8923743','DRZMHL03D25D612H'),(1280,'Armela','Vidanalage','6274313','DRRDVD01P20D789B'),(1281,'Teresio','Giorgi','9395399','DNTNDR03R28A564C'),(1282,'Leonardo','Rudel','8079085','DCSFNC01M13A564A'),(1283,'Ludovina','Filipek','6121597','DLCRCR02M31D612G'),(1284,'Siegfrid','Cerilli','3231548','DLCTMS02E02A564T'),(1285,'Welleda','Cattaneo','2926927','DMRCRS03A04A564T'),(1286,'Idea','Buongrazio','6237543','DSMDCC01P05D612R'),(1287,'Rafaelino','Vinciguerra','3733221','DVTLNZ02H12D612S'),(1288,'Morosina','Campanella','8922695','DGLMNL03E19A564T'),(1289,'Valdemiro','Bartolucci','7274747','DGLMRC03C19D612Q'),(1290,'Elindo','Aguila','12180659','DGLLMO03L18A564M'),(1291,'Odero','Blasi ','7255775','DGLRCR01E20D612Q'),(1292,'Venzo','Fralassi','9719389','DLPJCP00B12G999K'),(1293,'Umbria','Mazza','4711139','DLRGRG03S16D612Y'),(1294,'Lorenzina','Cutillo','6000439','DLCJHC02L10D612G'),(1295,'Cadornino','Toader','12810515','DLRLGB99E19Z129G'),(1296,'Osiana','Palazzari','6121372','DLLNDR01M24D612K'),(1297,'Placidino','Bellettini','3732372','DFRRCR03L04D612W'),(1298,'Clerice','Sposato','3232207','DGRTMS02T04B036S'),(1299,'Algero','Casadei','3053270','DLZLRD02H08D612W'),(1300,'Nema','Marano','10197117','DNTGCM01R23A657J'),(1301,'Geminello','Bonventre','10197119','DSTRMN01H01D612A'),(1302,'Lavino','Antonelli','10077931','DVNLSN03D22D612W'),(1303,'Ravaldo','Huaman lopez','16992259','DZDGLE03H19Z100S'),(1304,'Lombardina','Casella','8385629','DLFPTR03P10D612G'),(1305,'Osanna','Gallo','7581633','DMNSML01S30D612Y'),(1306,'Eralda','Mohammed','8922404','DNDMTT03L11D612B'),(1307,'Fenice','Boschi','4555056','DNTGRL01D26D612F'),(1308,'Odorizia','Stazzone','4731967','DSSSML02D18D612I'),(1309,'Olivia','Blasi ','7581305','DRADCC01L29D612K'),(1310,'Narduccio','De luca','4731938','DRVLNZ02R14D612F'),(1311,'Piercarlo','Salvemini','8079721','DBSDMN02R17D612D'),(1312,'Grisostomo','Fusini','8387110','DGNSRJ02L04Z222R'),(1313,'Celsino','Sala','8923645','DNGLSN02B10A564A'),(1314,'Acrisio','Diamantini','12070659','LSYRWN01E55Z336V'),(1315,'Ornato','Donnhauser','5013441','QZELSN02R30F839J'),(1316,'Mirtilla','Grasso','7735867','SPSMNL01E01A053C'),(1317,'Filea','Galli','7260223','STEGRL01R14D612F'),(1318,'Felicia','Charaf','7351425','ZZRMNL03D01D612E'),(1319,'Salvia','Bevilacqua','6120311','FBBDVD03S19A564S'),(1320,'Dalio','Filagna','3732939','FBBTMS01C02D612B'),(1321,'Remedio','Accadia','7275140','FBBDNL00P08D612R'),(1322,'Gilio','Ricciardi','9904231','FBASML03L28D612L'),(1323,'Gualberta','Cichon','6000731','FLLPTR00S11D612I'),(1324,'Oberdana','Jagmin','8922802','FGGLRD03D15D612B'),(1325,'Tindara','Paolini','10311156','FLLRRT02C25D612P'),(1326,'Evardo','Oliva','3732943','FLLMTN01A67D612N'),(1327,'Waldino','Di maio','8387154','FLLLSS01H03D612P'),(1328,'Savina','Tarozzi','8385837','FLLFNC03S01D612R'),(1329,'Roggero','Rizzi','4764536','FLGSML02T19D612T'),(1330,'Mughetta','Aiello','8659898','FMAJPN01L16C743Z'),(1331,'Antioco','Zanelli','4777987','FNTFNC02E29D612W'),(1332,'Onorino','Gnani','7581068','FNTCPI03D18D612E'),(1333,'Primetta','Zeolla','6182950','FPPNCL02D30D612U'),(1334,'Dusolina','Vaccaro','3733249','FRRLSN01S13D612Q'),(1335,'Tonio','Di marco','3053276','FRSNDR02R15D612Y'),(1336,'Giseldo','Coppola','9057722','FLPNLS99L08Z602E'),(1337,'Elleno','Donnhauser','4609567','FRELSN02L04D612L'),(1338,'Lella','Cellini','8659395','FRNRRG01S21D612R'),(1339,'Rainiero','Greco','9741783','FRCCSR03S04D612L'),(1340,'Rustico','Dotti','8923103','FRRTMS01C23A564H'),(1341,'Nico','Zaratti','2938839','FRRLSN03A07D612Q'),(1342,'Frazia','Filippelli','8248540','FRRNDR03D14D612Q'),(1343,'Oneria','Scardone','11194924','FSTLPA02H18D612T'),(1344,'Walter','Nicastro','10311157','FSCNDR02L25D612P'),(1345,'Riposa','Di stefano','7581260','FLPFNC02L03D612O'),(1346,'Broccola','Clesceri','9726722','FLCDNL02P12B963G'),(1347,'Ultimio','Alpi','4865183','FLRRSL01D21D612D'),(1348,'Antonmaria','Giuliani','10078017','FPPMHL01E29D612Z'),(1349,'Naborre','Caraballo','8662168','FRSLSS01S29D612O'),(1350,'Realmo','Nini','4740867','FSSGNE02D08Z138T'),(1351,'Radiano','De la cruz','7274972','FSSMRC02A27D612I'),(1352,'Qualtiero','Balice','8079612','FRSLSS02P01A564N'),(1353,'Eviliano','Linzi','8923114','FRSDRD02S27D612K'),(1354,'Orianno','Cannizzaro','8922707','FRSFNC03L08A564U'),(1355,'Elmo','Galli','6000688','GTNLDN02C07G752N'),(1356,'Zoa','Milutinovic','3733270','GGNLSS02L55D612B'),(1357,'Germinalina','Burla','8079613','GNAGDU02B19D612H'),(1358,'Lorinda','De la cruz','3733272','GLRCNT01H09Z600A'),(1359,'Elmina','Hijjoui','3732282','GLRGNF03D01Z600N'),(1360,'Eriberto','D\'emilia','222225','GLSMTT02D19G999Q'),(1361,'Aldegarda','Lazar','5013339','GLDFPP01E02A564W'),(1362,'Romanina','Fontolan','12968809','GLLRCR03E26D403O'),(1363,'Sigifrido','Abbondanza','4777528','GNGNCL01P25D612M'),(1364,'Dazio','Delgadillo vargas','7260210','GNGLSS01P19D612F'),(1365,'Idanna','Donatini','6121217','GDHBNN01E09D612V'),(1366,'Dafne','Mangano','6120385','GLCSMN02L22D612O'),(1367,'Fiordalige','Soldati','6000617','GRBFBA02H07A564Y'),(1368,'Gualtierina','Castagna','8248344','GRELRD03E09D612R'),(1369,'Vincenzina','Filagna','8662217','GLLLSS01R26D612S'),(1370,'Nicolú','Fadda','8079055','GMBGLI01L68D612W'),(1371,'Argia','Anklin','8662150','GNNNCL01E03D612P'),(1372,'Elindo','Monsorno','8079377','GNNGRL01D12D612I'),(1373,'Orelia','Burla','2938861','GNNLNZ02R29D612G'),(1374,'Moderno','Martino','6499530','GNNLNZ02R04A564W'),(1375,'Alimo','Rossi','8922598','GGLFPP03S07D612B'),(1376,'Fiovo','Sasvari','7260086','GMGMTT01B14D612T'),(1377,'Bonomo','Bardi','7735577','GRDNDR02H16D612G'),(1378,'Adona','Bernardi','4740848','GRDMRC02L04D612X'),(1379,'Giorgio','De freitas sousa tavares','4590338','GRGNCL00B04D612G'),(1380,'Crispolto','Farazi','8662219','GVNLSS01B28D612O'),(1381,'Temide','Basile','4554995','GLNJCP03P29D612Z'),(1382,'Niceta','Russo','7260189','GLNMRC02S20D612G'),(1383,'Aldemo','Ciarlariello','7034793','GLNSMN01E09I676Q'),(1384,'Diogene','Patruno','3016572','GSTLRD02E04H501G'),(1385,'Fioldisa','Marchi','7274672','GMBLEI03C15D612Y'),(1386,'Oronzo','Cagnotti','8078413','GPLNSH03L10D612W'),(1387,'Marianella','Capanna','4777451','GROSFN03A16D612C'),(1388,'Asterino','Rifilato','7648093','GRNMRK03E03A564A'),(1389,'Guidino','Giorgio','6182993','GRNNGL01D15D612I'),(1390,'Odelga','Bazzocchi','12074171','GRSDNL03B06D612R'),(1391,'Filomenna','Castagna','8387113','GRSGRL02B26D612J'),(1392,'Sarina','D\'amore','8248949','GRZNDR02B27A564M'),(1393,'Tosello','Giorgi','9879741','GRZPLA03R10D612I'),(1394,'Venturina','Dallago','9835329','GLTMRC03P01A564T'),(1395,'Pietronilla','Ranucci','9726902','GRRLNZ03D11A564G'),(1396,'Mimo','Del aguila rosario','3733299','GRRNDR01T29D612K'),(1397,'Ornello','Campana','7723748','GDTSML03M02D612A'),(1398,'Elleno','Strazzanti','4590076','GDULRD03L28D612F'),(1399,'Selena','Bento da silva','4543114','GDTMTT01H29D612N'),(1400,'Amato','Olivelli','10078765','GLTDRD03A05D612S'),(1401,'Raffaeluccio','Caldironi','12475117','GTRRHR99M02D612O'),(1402,'Pinotto','Wenz','4688308','GZMLSM01R47L219G'),(1403,'Elfia','Panichi','9616801','HUXHTU03T26D612G'),(1404,'Omnia','Maldini','15529163','HSSMMD02S04A564C'),(1405,'Ascenso','Rizzi','7735847','HYSKVN02H13G752R'),(1406,'Crispino','Simonetti','9814521','CPZCPI03L18A564I'),(1407,'Nicolao','Martino','4609572','BRHMNM02B12D612H'),(1408,'Ferminio','Brunetti','7691010','LZJMTT03D13A564M'),(1409,'Vituccia','Zito','4555060','NDNSML01B14D612W'),(1410,'Giasone','Cipollone','9835331','NNCMTT03E06D612F'),(1411,'Secondino','Focaccia','3733307','KRCMMD02P08D612C'),(1412,'Marzio','Cattaneo','8249022','LRSGMR01T04D612T'),(1413,'Cristo','Mariani','3732399','LGHTMS03T28D612P'),(1414,'Orsolinda','Paul','4554996','LGMYRA03S28A564V'),(1415,'Naborre','Villa','8387156','LNDLRD01D02D612G'),(1416,'Fenelia','Kovacs','4764854','LPNLPA02P06D612U'),(1417,'Vergiglio','Galli','3732974','LPNLNZ02D30D612D'),(1418,'Fusco','Giordano','8922723','LPNPTR03M25D612Q'),(1419,'Oler','Leonetti','4764874','LPAMRA01S16D612Q'),(1420,'Nemorino','Pasolini','9709708','LSCMLD03S46D612B'),(1421,'Aladina','Naci','3053301','LVCGVR02S49D612X'),(1422,'Gelsa','Longo','4578704','LZZFNC02R22D612R'),(1423,'Cordelia','Olivieri','4711523','LZZSML02D12D612J'),(1424,'Fiorindo','Narducci','6000692','LGNDGI01P27D612A'),(1425,'Oden','Bugli','7581168','LLLSRG03R27E058H'),(1426,'Morena','Bazhanova','10077998','LMBLRT03A07A564A'),(1427,'Regina','Chesti','11323387','LNBCST03E16Z611Q'),(1428,'Daliso','Milutinovic','8387157','LNCNCL01P12D612I'),(1429,'Filodemo','Tarozzi','222226','LTZBNT02A28I234G'),(1430,'Belardino','Contiu','6121375','LMNCRS02A19D612K'),(1431,'Vivenzia','Pello\'','2938915','LNGSFN02T02D612S'),(1432,'Damaso','Gindre','6237506','LZZFNC02M21L219K'),(1433,'Livano','Steffenoni','3926710','LYZNHN01L29D612R'),(1434,'Vivian','Terracciano','9879743','LCCNDR03D22D612M'),(1435,'Gianmichele','Catalano','8922457','LOIMTT03T17A564Q'),(1436,'Fior','Panichi','10311160','LMNLSN02C24D612L'),(1437,'Mimmino','Pello\'','8249023','LMBLNZ01M14D612W'),(1438,'Guerina','Mugione','4543052','LMBMSM02R05D612W'),(1439,'Raffaeluccio','Bonsignore','4764519','LMBBND02R23D612G'),(1440,'Trentino','Mena','8079036','LMBNCL02T23D612R'),(1441,'Etrusco','Ferrari','10236223','LPZJLJ00L22Z216S'),(1442,'Cristofolo','Carullo','7581073','LRNGRL03C26A564Q'),(1443,'Vanella','Luzzi','8923187','LTTNDR02D26D612V'),(1444,'Alearco','Ricci','8922411','LTTFRC03B27A564Z'),(1445,'Benino','Iacobelli','5010510','LCNGRL02L09A564D'),(1446,'Nembo','De sterlich','9589105','LLLFPP03E28D612W'),(1447,'Manfredo','Lena','8662087','LLLMRC02S30D612G'),(1448,'Bonario','Colonna','8249303','LPNMSD01S27Z129R'),(1449,'Altobello','Mariani','4788787','MCRDNL02M26H224T'),(1450,'Romildo','Benhadda','4788736','MDDLNZ02L07D612C'),(1451,'Nola','Prelati','4765261','MGNMHL00L14G999A'),(1452,'Etta','Tabane','8662224','MGRLRD01S06D612D'),(1453,'Roselmino','Basile','3107623','MRALNZ01L24A564H'),(1454,'Canda','Cannizzaro','3107361','MRANCL03H14A564U'),(1455,'Edma','Battelli','8248928','MJDLSS02A13D612H'),(1456,'Nicolina','Cannizzaro','3232266','MLVLNZ01S25B036O'),(1457,'Onofrina','Cusin','3107624','MNCCST00R18A564W'),(1458,'Ermido','Cauteruccio','3732987','MNTMTT02S14D612J'),(1459,'Michelantonio','Pongetti','4590184','MNTTMS02C20D612F'),(1460,'Mazzeo','Bernardi','9491000','MNNGRL03S02D612R'),(1461,'Vannetta','Saccone','4554999','MNNMRK03T20A564A'),(1462,'Silano','Adorno','3733346','MNTMTT02R22D612C'),(1463,'Aussenzio','Lucani','4578606','MNTNDR03E26D612G'),(1464,'Emerio','Gentili','6000459','MNNNDR02P02D612T'),(1465,'Adriana','Fratini','8249282','MNZJNN01T31D612J'),(1466,'Maghinardo','Filagna','4764978','MRCMTT01D28D612J'),(1467,'Maruzzo','Nurul','12591885','MRCCST01R01D612D'),(1468,'Elisia','Piazza','8660631','MRCLRD01R01D612S'),(1469,'Venanzo','Canichella','8923207','MRCRTR02B03Z234K'),(1470,'Sisinio','Scipioni','8387450','MRNMRT04A67E372Q'),(1471,'Loredano','Baldi','4848701','MRQSDO03E21D612P'),(1472,'Fulco','Palatano','4543053','MRRSML02P21D612S'),(1473,'Marisio','Cataldi','8922735','MRTGLI03M01A564N'),(1474,'Villelmina','Pierucci ','7691013','MRZDRD03R03D612L'),(1475,'Corinna','Panichi','7735869','MRZFNC01E28D612L'),(1476,'Artenice','Steffenoni','8923755','MSCLNZ03S17D612Z'),(1477,'Fabriana','Kamal','7361013','MSANDR03B04D612H'),(1478,'Orienzo','Gealapu','3732997','MSAFPP00R16A564J'),(1479,'Oscaro','Di maio','4740822','MSAFPP03C21D612R'),(1480,'Gloriano','Callegarini','4848855','MTCPTR01H08D612U'),(1481,'Olvino','Zivkovic','6120572','MTNGTT01C60B036A'),(1482,'Benso','Rizzelli','4555080','MTRMRZ01M21D612G'),(1483,'Elfina','Odigwe','9742842','MTTDRD01H20D612H'),(1484,'Galdina','Graffiedi','8922534','MTTSFN03A27D612N'),(1485,'Ella','Kovacs','8662089','MTTLNZ02R24D612X'),(1486,'Girardengo','Crognale','7260169','MZZLRD02M14D612N'),(1487,'Remedino','Giura','9742542','MCCFRC02E09D612T'),(1488,'Sestina','Donatantonio','8248350','MLNNHL03L29D612P'),(1489,'Ancomarzio','Gealapu','4788178','MLNLNZ02M29D612R'),(1490,'Ovilia','Scarale','6000480','MRLLNZ01L22D612C'),(1491,'Venturo','Aguila','6182974','MSSLRD02H13D612S'),(1492,'Reziere','De santis','4543117','MCCMTT01M02D612P'),(1493,'Egilia','Zak','3108359','MLZLSN00L27A564K'),(1494,'Zahra','Giurgola','2938954','MNIYRU01P17D612T'),(1495,'Aldimaro','Volpe','11194901','MDGDVD03B02D612H'),(1496,'Licurga','Aiello','8662066','MNCDRD02E08D612B'),(1497,'Eleazaro','Attendoli','3733380','MNPFPP01M11D612Y'),(1498,'Vilmaro','Acunzo','4848858','MNTNCL01H05D612A'),(1499,'Nice','Potalivo ','3733007','MNTLRD02H10D612J'),(1500,'Pinella','Grasso','10671502','MNTNRS00B07Z611N'),(1501,'Eupremio','Fraticelli','222227','MNTMCL02R09Z614Z'),(1502,'Antonello','Burla','6000355','MRNMRC03R30D612N'),(1503,'Filotero','Baldinotti','4543143','MRLTMS01P19D612P'),(1504,'Bonfilio','Iacoangeli','6121402','MROLNZ01R18D612A'),(1505,'Fogliano','Pompili','3230967','MROMTT03R31G752J'),(1506,'Oleano','Benedetti','3733385','MRNMRC01C12D612K'),(1507,'Ornata','Morselli','6183052','MSCFPP01D16D612J'),(1508,'Venanzina','Bartolini','8662200','MCJDMR00C31Z100K'),(1509,'Elgo','Mele','3733386','MGNNDR02S13D612Y'),(1510,'Geraldo','Cichon','7275023','MGNGNN01S09D612M'),(1511,'Bastianina','Avello','8249264','MGNNCL02P09D612U'),(1512,'Rena','Wenz','7735597','MGNSML02D24G752P'),(1513,'Ubaldina','Apreda','8922743','MGNTMS03B21A564D'),(1514,'Rizziera','Carucci','4578733','NMKDNL01C13D612D'),(1515,'Gettulio','Stefoni','4578756','NNNMRK00A17D612X'),(1516,'Consiglia','Zaratti','4711572','NCRVNI01T03D612W'),(1517,'Liutprando','Lesniewska','7735949','NNCLSS02S12G752D'),(1518,'Egida','Kellmann','12070983','NNCNDR03T29D612K'),(1519,'Onorata','Planta','6807245','NCCFNC02E05B036V'),(1520,'Ferminia','Clementucci','8923691','NCCNRE02T10D612R'),(1521,'Mainardo','Lopez','10197031','NCCTMS03B04A564T'),(1522,'Delciso','Montevecchi','4711552','NCLRRT02D27D612T'),(1523,'Agea','De sterlich','7581219','NCTMRA02S19D612N'),(1524,'Porsenna','Tabane','7581380','NKJDNS00H24D612P'),(1525,'Jayangani','Fontanilla','2926968','NSTLRD02C19D612Y'),(1526,'Castorino','Von oppen','3107848','NTULSS01E16D612R'),(1527,'Primizia','Romano','7581005','NTUMRK03D04D612Z'),(1528,'Gemiliana','Costantini','10034395','BNORCR03T07A564W'),(1529,'Alpinolo','Ferraro','2926843','BHOSDR03D15G999M'),(1530,'Oresto','Wozniczka','9933544','LNDNDR02D04A564E'),(1531,'Eleonora','Capanna','10230109','RTOVNI02E29D612Q'),(1532,'Getulia','Costantini','7392232','RSLNRE03H23D612F'),(1533,'Ferriero','Veneziano','6237524','PCCMTT01L21D612J'),(1534,'Ilena','Spalletta','8079093','PCCYRU01A10A564R'),(1535,'Mimma','Mazza','9503508','PCSGRL03D29D612W'),(1536,'Faraone','Martellini ','4788474','PGLSML02M30A564J'),(1537,'Almerindo','Zolea','10171462','PLMSFN02T04A558J'),(1538,'Giulivo','Baronti','4578735','PLMLSN01E31D612C'),(1539,'Lugano','Baldinotti','8662178','PLMJCP01L19D612J'),(1540,'Gaspera','Pal ionut','8662228','PLMTMS01L19D612J'),(1541,'Eustachio','Mercantini','8662179','PNDGRL01D22D612K'),(1542,'Innocenta','Armaroli','7516516','PNDRND03D23G999K'),(1543,'Mazzino','Forcina','2926972','PNRMRC01S14D612Q'),(1544,'Melinda','Potalivo ','4554874','PNCTMS03E02D612O'),(1545,'Rismo','Zavalloni','6000400','PNTLSS03P09D612T'),(1546,'Battista','Filipek','4788448','PLTDNL02M03D612K'),(1547,'Felino','Lena','4555017','PLTRLA02S26D612B'),(1548,'Attiliana','Ghazi','7581312','PPAGRL01B18D612M'),(1549,'Rolino','Lucani','4764904','PPPGCM01B09D612N'),(1550,'Pasqua','Rinaldi','4711591','PRGCLD01D16A564T'),(1551,'Ferrero','Fratini','4993365','PRRNCL03S17D612L'),(1552,'Morgana','Avendato','10078001','PSQCSM02M29D612R'),(1553,'Pinotto','Rucci','10078002','PTRMHL02B53D612F'),(1554,'Lazzero','Charaf','6270128','PLLSMR03H09D612H'),(1555,'Onilio','Colli','4590186','PRNFRZ02H21D612U'),(1556,'Palmarosa','Di menna','3713888','PRGMTT03M27D612P'),(1557,'Fiordaligi','Gatti','3232447','PSTDVD01R05D612U'),(1558,'Dalma','Michilli','2938989','PTENDR01S10D583L'),(1559,'Rosolino','Battaglia','15529166','PTRGPP01H18E058S'),(1560,'Bertino','Olivelli','10034369','PTRMRK03L19D612K'),(1561,'Ezechia','Zapalski','4711643','PTRNDR01B19G203F'),(1562,'Pubblio','Vincenzi','4555324','PZZMTT02M22D612S'),(1563,'Sisinia','Neri','8248906','PZZDRD02L06D612H'),(1564,'Altorino','Apa','8922624','PCCMTT03T14A564H'),(1565,'Donina','Rifilato','6000646','PCCFPP02M22D612H'),(1566,'Florenzia','Finiti','3733418','PCCMTT01H14D612E'),(1567,'Ciso','Guaman','3733420','PCCMTT02D12D612R'),(1568,'Gemella','Palatano','7581298','PCNFNC01E14A564X'),(1569,'Else','Narducci','7581602','PRTNDR02C02D612E'),(1570,'Oscare','Bento da silva','4590233','PRTFNC02C25A657R'),(1571,'Maurilia','Casadei','4590209','PRTGRL02C25A657P'),(1572,'Rafaele','Urbini','3733028','PRILSS02H15D612I'),(1573,'Edgardo','Torraca','6183002','PLTLLN01D22D612S'),(1574,'Donnino','Wenz','9299145','PNTFNC03P09L245O'),(1575,'Sesto','Sassetti','6183025','PIOMTN01R55L113E'),(1576,'Siliana','Fralassi','4764442','PSCLSN03B16D612C'),(1577,'Renza','De santis','6121357','PSLGPP02B26D612P'),(1578,'Fabbiola','Vandenbulcke','8387208','PSTMTT01A21D612F'),(1579,'Ciriaca','Fontolan','8923297','PSTNDR02S25D612W'),(1580,'Novara','Rucci','2938997','PLNFRC02S25D612Z'),(1581,'Odilio','Rosata','3108542','PRCMTT01A28D612O'),(1582,'Berta','Pascale','8387289','PRTNCL99A28D612J'),(1583,'Attanasio','Resende azevedo','8923304','PRSLRD02H12A564E'),(1584,'Ivano','Siracusa','3232252','PRFLSN01L10D612X'),(1585,'Nini','Blasi ','4589970','PRJMTT03R30D612W'),(1586,'Florido','Serra','8249001','PRRRNE01L01D612V'),(1587,'Valteria','Rucci','9904236','PLVMTT03L18A851R'),(1588,'Gianluigi','Labella','2939003','PZZGRL02L29D612A'),(1589,'Durantino','De simone','8353261','QFLLNE01E14D205O'),(1590,'Boris','Ferraro','4555086','QRCNCL01M10D612Z'),(1591,'Petronella','Olivieri','8249354','QSPNLF99P04Z611C'),(1592,'Iro','De simone','6000445','QKJDRN02M04D612L'),(1593,'Illa','Abu','4578710','RJNMTT01T19D612O'),(1594,'Gesualdo','Giuliani','7274918','RMLNDR02M11D612D'),(1595,'Firenza','Pinna','11139181','RMRRRM99E10Z611R'),(1596,'Rachildo','Di ruzza','3232218','RPALSS02M12B036I'),(1597,'Ormina','Cerilli','8662122','RGALNZ02M26D612D'),(1598,'Marx','Barbieri','3733434','RTTNDR02S05D612A'),(1599,'Aquilio','Messina','4555348','RCCLNZ01C18D612S'),(1600,'Odi','Turci','8248955','RCCNDR02L15D612T'),(1601,'Araldo','Blasi ','222228','RCCDTR02E19D612D'),(1602,'Crescente','Pelliccia','7581176','RNLCLD03C06D612E'),(1603,'Armelinda','Guerra','4609623','RNLDNL01R15A564H'),(1604,'Melisenda','Lena','10196782','RCHTND00D02Z128Y'),(1605,'Vismaro','De rosa','10236209','RGOJCP02R11D612M'),(1606,'Felicina','Fraticelli','7735601','RMGDRD02L27A564Z'),(1607,'Gusmana','Donnhauser','7275108','RMGLRD01S14D612B'),(1608,'Bibbiano','Lopez','8248357','RMNDNL03T31D612P'),(1609,'Chicca','Abbondanza','9726704','RMLGRL04C11D612G'),(1610,'Raul','Contiu','7260091','RSLSML01P28D612X'),(1611,'Odorico','Boubaker','7723754','RSSGDU03L17D612R'),(1612,'Gioiello','Mollica','8923327','RSNLND02C01A564M'),(1613,'Gondar','Pacini','12537214','SCCTMS02S20D612M'),(1614,'Nives','Mauro','8662072','SCCSMN02D11A564D'),(1615,'Oldo','Di menna','4769765','SGGNCL04A17A564K'),(1616,'Freida','Von oppen','6237531','SLAFNC01D11A564L'),(1617,'Ferdinanda','De peppe','8387101','SLMFNC02E03A564L'),(1618,'Caterino','Lucarini','9726754','SLNFRC02B04D612Q'),(1619,'Flavino','Lombardo','12776167','SLHMTT01T10D612X'),(1620,'Romolo','Dallago','4848862','SLNKNJ01B05Z611I'),(1621,'Egisto','Antonelli','4629190','SLMCSM02B24A564F'),(1622,'Ottocaro','Zaccaria','8662046','SLVSMN02R06D612C'),(1623,'Santi','Armaroli','8387404','SLVMTT02L19D612B'),(1624,'Orsella','Bernardi','8249078','SLVLNZ00B25D612Z'),(1625,'Libia','Martini','4740859','SMBCLD02P61D612R'),(1626,'Polluce','Barone','2939026','SNFLSS02A18D612X'),(1627,'Fulcio','Zavalloni','7274934','SNNFRZ02C20F704V'),(1628,'Attiliana','Galotti','4711335','SNTKNH00H04Z611O'),(1629,'Simonino','Felici','8079409','SRDLSI01L65A564Q'),(1630,'Valdimira','Rossi','9377241','SRRGLI02P18D612B'),(1631,'Milka','Borrelli','4711532','SRRMRC02T21I726Q'),(1632,'Wera','Zavoli','7581010','SRTMNL03A15D612Z'),(1633,'Eudemo','Bugli','4554880','SRTMTT03C14D612B'),(1634,'Alessia','Iatalese','8249563','SRTTMS03E09B036W'),(1635,'Ida','Pace','8249328','SHSMGL99R17Z100V'),(1636,'Buovo','Errichetti','8249269','SHSXLN02E09Z100A'),(1637,'Vitaliana','Colombo','4788843','SHKKNT01H28D612E'),(1638,'Davino','Borkowska','4777341','SCLRTD03P24D612Q'),(1639,'Dema','Tiglio','3107368','SNIGNN03S28A564S'),(1640,'Gabriela','Fabiani','4764881','SKIGRL01L01D612S'),(1641,'Ombellina','Gamberini','11338945','SNCLSN00B08Z138D'),(1642,'Fabiolina','Sgrigna','3733471','SNGDYK00A27Z222F'),(1643,'Emidia','Vidanalage','8249308','SLLDRA01E22A564G'),(1644,'Cinzio','Minelli','6626438','SROMNL01C14A564Y'),(1645,'Metardo','Hajji','5013365','SPDLPA01L05A564R'),(1646,'Leopardi','Minnella','5013564','STNNDR00P12A564W'),(1647,'Silviana','Scarale','10034387','STFLRD03L25D612J'),(1648,'Bernadetto','Ferrarese','4578737','STFSML01H12A564O'),(1649,'Vinicio','Ceraldi','6182979','SSNLNZ02P07D612X'),(1650,'Adonello','Pinna','3231582','SVLLRD01H24A564N'),(1651,'Callista','Ortu','6183031','TCCTMS01E14D612R'),(1652,'Deomira','Giorgi','9376884','TFAFNC02S24D612T'),(1653,'Lavinio','Casella','4778042','TLADML02M27A564W'),(1654,'Marciano','Adorno','3733479','TNCDRA01H14G752B'),(1655,'Davina','Ferrari','6353646','TRGNCL01S14D612T'),(1656,'Bizio','Sasvari','13156024','TJDBZB02C43Z611L'),(1657,'Milvio','La sorda','10307875','TRECRS03M04D612T'),(1658,'Mercedes','Charaf','2926737','TNRTMS03T29D612Z'),(1659,'Sarita','Armaroli','7392321','TFNNCL03S08D612X'),(1660,'Pompilio','Pascale','10236229','TFNMTT02B20D612K'),(1661,'Deborah','Brunetti','7581342','TMBCPI01H10D612G'),(1662,'Maia','Palumbo','9742550','TMOTMS02A29A564R'),(1663,'Amabilio','Pierucci','9377343','TRCGNN01R18D612Z'),(1664,'Abele','Caputo','4984981','TRRKLY01T68D612M'),(1665,'Giosefatto','Grimaldi','12347243','TRRFNC99A03Z614Y'),(1666,'Diogene','Vannozzi','10034389','TRRLNZ03L02D612C'),(1667,'Ottava','Grimaldi','4555350','TRTCRS01M23D612W'),(1668,'Floresita','Donnhauser','8248438','TRZFPP03H03D612Z'),(1669,'Severo','Ranucci','7260354','TZZGRL02L18D612I'),(1670,'Olves','Farazi','3733066','TRVFNC02D23H926C'),(1671,'Cairoli','Blasi','3733490','TRPLRD02P19D612E'),(1672,'Renella','Marocchini','8923369','TDSLPL02L13A564T'),(1673,'Adelcisa','Di benimeo','6237514','GLNGRL02T06D612X'),(1674,'Gabriella','Narducci','9726806','RCCVCN00T29D612M'),(1675,'Geralda','Castagnoli','4290121','RSCLCR00A01Z129K'),(1676,'Nola','Disabato','8662275','ZRGNRL00P10Z611E'),(1677,'Alessandria','Rizzo','3107854','VDALNZ01L04D612F'),(1678,'Gizio','Di benimeo','3231562','VNNLNZ02M12A564Y'),(1679,'Arconte','Casella','5013693','VNNLRD01D12A564E'),(1680,'Marinella','Casali','7274833','VGNTMS03D23D612F'),(1681,'Ornello','Esposito','4649092','VNDLSS01E28D612X'),(1682,'Laurento','Guida','4848844','VNTDDM01D13D612W'),(1683,'Brasile','Gatti','8387168','VRDRCR01H02D612R'),(1684,'Nemesio','Comini','6353572','VRDSML02D10D612N'),(1685,'Bonacata','Sgrigna','8923590','VRGMTT02B16D612A'),(1686,'Bachisio','Lopez','6183033','VRNMTT01P02D612W'),(1687,'Giampietro','Sartori','13419017','VNIFTJ00P16Z314C'),(1688,'Romaldo','De simone','7274961','VLNLSS02B19D612B'),(1689,'Idalmino','Lorusso','4578716','VNNDMN02A29D612Y'),(1690,'Odilla','Zinnamosca','8923407','VNCCRS03L14G752D'),(1691,'Nivio','Lazazzera','11692004','VLISHD01M30Z222J'),(1692,'Gottardina','Ahamed','4555151','VVRLCU00R07D612V'),(1693,'Mireno','Bragioto','3016668','VNVSMN99R19Z140Q'),(1694,'Odillia','Borrelli','11664859','WLNDDW02S24Z127Z'),(1695,'Oderisio','Cecere','4555071','ZHRCMN01T08Z129Y'),(1696,'Filiberto','Angiuli','7581253','ZNNLNZ02C28D612J'),(1697,'Sigismunda','Sanges','8079073','ZRCBRS01E10D612F'),(1698,'Vania','Quartarone','8662076','ZNGLSS02S29D612Y'),(1699,'Felisia','Bruno','8387147','ZPPTMS02L31D612A');
/*!40000 ALTER TABLE `student` ENABLE KEYS */;
UNLOCK TABLES;

--
-- Table structure for table `student_class`
--

DROP TABLE IF EXISTS `student_class`;
/*!40101 SET @saved_cs_client     = @@character_set_client */;
/*!40101 SET character_set_client = utf8 */;
CREATE TABLE `student_class` (
  `id` bigint(10) NOT NULL AUTO_INCREMENT,
  `id_student` bigint(10) NOT NULL,
  `id_class` bigint(10) NOT NULL,
  PRIMARY KEY (`id`),
  KEY `if1_studentclass` (`id_student`),
  KEY `if2_studentclass` (`id_class`),
  CONSTRAINT `fk_studentclass_class` FOREIGN KEY (`id_class`) REFERENCES `class` (`id`) ON DELETE NO ACTION ON UPDATE NO ACTION,
  CONSTRAINT `fk_studentclass_student` FOREIGN KEY (`id_student`) REFERENCES `student` (`id`) ON DELETE NO ACTION ON UPDATE NO ACTION
) ENGINE=InnoDB AUTO_INCREMENT=1215 DEFAULT CHARSET=utf8;
/*!40101 SET character_set_client = @saved_cs_client */;

--
-- Dumping data for table `student_class`
--

LOCK TABLES `student_class` WRITE;
/*!40000 ALTER TABLE `student_class` DISABLE KEYS */;
INSERT INTO `student_class` VALUES (1,64,1),(2,65,2),(3,66,3),(4,67,4),(5,68,5),(6,69,6),(7,70,7),(8,71,8),(9,72,3),(10,73,9),(11,74,10),(12,75,11),(13,76,12),(14,77,13),(15,78,3),(16,79,14),(17,80,13),(18,81,5),(19,82,15),(20,83,6),(21,84,11),(22,85,13),(23,86,10),(24,87,7),(25,88,1),(26,89,16),(27,90,17),(28,91,1),(29,92,18),(30,93,19),(31,94,8),(32,95,2),(33,96,20),(34,97,11),(35,98,7),(36,99,17),(37,100,2),(38,101,7),(39,102,21),(40,103,18),(41,104,22),(42,105,17),(43,106,22),(44,107,2),(45,108,9),(46,109,15),(47,110,13),(48,111,2),(49,112,4),(50,113,23),(51,114,13),(52,115,11),(53,116,24),(54,117,3),(55,118,14),(56,119,6),(57,120,10),(58,121,15),(59,122,1),(60,123,16),(61,124,17),(62,125,21),(63,126,24),(64,127,24),(65,128,15),(66,129,24),(67,130,12),(68,131,9),(69,132,9),(70,133,13),(71,134,8),(72,135,2),(73,136,21),(74,137,24),(75,138,10),(76,139,22),(77,140,20),(78,141,22),(79,142,17),(80,143,23),(81,144,13),(82,145,19),(83,146,5),(84,147,14),(85,148,20),(86,149,7),(87,150,17),(88,151,3),(89,152,24),(90,153,15),(91,154,20),(92,155,24),(93,156,13),(94,157,2),(95,158,16),(96,159,4),(97,160,13),(98,161,10),(99,162,19),(100,163,15),(101,164,1),(102,165,4),(103,166,22),(104,167,19),(105,168,8),(106,169,1),(107,170,2),(108,171,11),(109,172,5),(110,173,25),(111,174,24),(112,175,6),(113,176,2),(114,177,13),(115,178,17),(116,179,25),(117,180,13),(118,181,13),(119,182,8),(120,183,21),(121,184,26),(122,185,22),(123,186,15),(124,187,27),(125,188,27),(126,189,14),(127,190,15),(128,191,17),(129,192,5),(130,193,23),(131,194,14),(132,195,26),(133,196,17),(134,197,26),(135,198,6),(136,199,6),(137,200,3),(138,201,17),(139,202,19),(140,203,8),(141,204,12),(142,205,3),(143,206,26),(144,207,26),(145,208,10),(146,209,24),(147,210,21),(148,211,11),(149,212,26),(150,213,7),(151,214,10),(152,215,6),(153,216,14),(154,217,27),(155,218,16),(156,219,13),(157,220,15),(158,221,3),(159,222,17),(160,223,14),(161,224,23),(162,225,24),(163,226,14),(164,227,25),(165,228,21),(166,229,5),(167,230,6),(168,231,2),(169,232,22),(170,233,15),(171,234,2),(172,235,27),(173,236,23),(174,237,3),(175,238,9),(176,239,24),(177,240,16),(178,241,26),(179,242,4),(180,243,8),(181,244,15),(182,245,13),(183,246,3),(184,247,18),(185,248,11),(186,249,19),(187,250,12),(188,251,27),(189,252,25),(190,253,26),(191,254,1),(192,255,27),(193,256,3),(194,257,9),(195,258,5),(196,259,16),(197,260,5),(198,261,16),(199,262,7),(200,263,13),(201,264,11),(202,265,26),(203,266,21),(204,267,26),(205,268,20),(206,269,2),(207,270,12),(208,271,3),(209,272,25),(210,273,23),(211,274,4),(212,275,19),(213,276,17),(214,277,7),(215,278,17),(216,279,12),(217,280,24),(218,281,4),(219,282,15),(220,283,10),(221,284,17),(222,285,16),(223,286,20),(224,287,22),(225,288,22),(226,289,24),(227,290,21),(228,291,2),(229,292,16),(230,293,6),(231,294,26),(232,295,2),(233,296,4),(234,297,16),(235,298,17),(236,299,16),(237,300,22),(238,301,23),(239,302,9),(240,303,18),(241,304,23),(242,305,27),(243,306,4),(244,307,1),(245,308,5),(246,309,11),(247,310,19),(248,311,24),(249,312,21),(250,313,17),(251,314,11),(252,315,9),(253,316,27),(254,317,2),(255,318,1),(256,319,18),(257,320,22),(258,321,8),(259,322,20),(260,323,3),(261,324,8),(262,325,18),(263,326,25),(264,327,7),(265,328,15),(266,329,16),(267,330,11),(268,331,26),(269,332,21),(270,333,19),(271,334,22),(272,335,12),(273,336,4),(274,337,7),(275,338,5),(276,339,2),(277,340,4),(278,341,11),(279,342,23),(280,343,4),(281,344,16),(282,345,5),(283,346,3),(284,347,23),(285,348,20),(286,349,5),(287,350,20),(288,351,3),(289,352,16),(290,353,24),(291,354,22),(292,355,9),(293,356,9),(294,357,18),(295,358,21),(296,359,16),(297,360,13),(298,361,8),(299,362,3),(300,363,21),(301,364,5),(302,365,5),(303,366,3),(304,367,11),(305,368,12),(306,369,16),(307,370,3),(308,371,20),(309,372,26),(310,373,3),(311,374,2),(312,375,19),(313,376,19),(314,377,26),(315,378,26),(316,379,19),(317,380,14),(318,381,10),(319,382,8),(320,383,6),(321,384,12),(322,385,21),(323,386,20),(324,387,17),(325,388,20),(326,389,21),(327,390,10),(328,391,5),(329,392,22),(330,393,22),(331,394,22),(332,395,12),(333,396,8),(334,397,15),(335,398,8),(336,399,18),(337,400,23),(338,401,14),(339,402,10),(340,403,23),(341,404,2),(342,405,27),(343,406,24),(344,407,14),(345,408,14),(346,409,25),(347,410,6),(348,411,24),(349,412,26),(350,413,25),(351,414,5),(352,415,4),(353,416,5),(354,417,19),(355,418,26),(356,419,23),(357,420,20),(358,421,8),(359,422,6),(360,423,8),(361,424,14),(362,425,14),(363,426,25),(364,427,4),(365,428,13),(366,429,6),(367,430,21),(368,431,13),(369,432,1),(370,433,5),(371,434,11),(372,435,12),(373,436,5),(374,437,9),(375,438,18),(376,439,11),(377,440,5),(378,441,26),(379,442,1),(380,443,17),(381,444,22),(382,445,25),(383,446,1),(384,447,23),(385,448,3),(386,449,27),(387,450,23),(388,451,10),(389,452,24),(390,453,24),(391,454,3),(392,455,23),(393,456,5),(394,457,3),(395,458,16),(396,459,6),(397,460,4),(398,461,4),(399,462,20),(400,463,3),(401,464,20),(402,465,7),(403,466,3),(404,467,11),(405,468,17),(406,469,6),(407,470,25),(408,471,13),(409,472,11),(410,473,22),(411,474,18),(412,475,26),(413,476,27),(414,477,7),(415,478,10),(416,479,1),(417,480,10),(418,481,21),(419,482,15),(420,483,25),(421,484,10),(422,485,23),(423,486,26),(424,487,24),(425,488,2),(426,489,24),(427,490,1),(428,491,18),(429,492,8),(430,493,4),(431,494,1),(432,495,1),(433,496,2),(434,497,18),(435,498,25),(436,499,18),(437,500,26),(438,501,6),(439,502,20),(440,503,21),(441,504,12),(442,505,16),(443,506,9),(444,507,6),(445,508,14),(446,509,14),(447,510,4),(448,511,14),(449,512,14),(450,513,9),(451,514,27),(452,515,4),(453,516,14),(454,517,16),(455,518,19),(456,519,2),(457,520,1),(458,521,6),(459,522,8),(460,523,27),(461,524,3),(462,525,21),(463,526,20),(464,527,26),(465,528,14),(466,529,24),(467,530,15),(468,531,13),(469,532,13),(470,533,11),(471,534,4),(472,535,12),(473,536,14),(474,537,22),(475,538,10),(476,539,9),(477,540,9),(478,541,22),(479,542,13),(480,543,15),(481,544,11),(482,545,22),(483,546,24),(484,547,22),(485,548,4),(486,549,23),(487,550,19),(488,551,5),(489,552,8),(490,553,4),(491,554,11),(492,555,3),(493,556,2),(494,557,23),(495,558,16),(496,559,19),(497,560,17),(498,561,21),(499,562,18),(500,563,27),(501,564,1),(502,565,14),(503,566,4),(504,567,6),(505,568,25),(506,569,16),(507,570,23),(508,571,3),(509,572,15),(510,573,27),(511,574,9),(512,575,21),(513,576,12),(514,577,22),(515,578,13),(516,579,23),(517,580,20),(518,581,20),(519,582,14),(520,583,5),(521,584,15),(522,585,27),(523,586,16),(524,587,6),(525,588,4),(526,589,13),(527,590,22),(528,591,14),(529,592,3),(530,593,8),(531,594,22),(532,595,1),(533,596,7),(534,597,7),(535,598,9),(536,599,24),(537,600,15),(538,601,1),(539,602,7),(540,603,18),(541,604,2),(542,605,22),(543,606,20),(544,607,18),(545,608,1),(546,609,20),(547,610,24),(548,611,16),(549,612,14),(550,613,18),(551,614,17),(552,615,25),(553,616,12),(554,617,1),(555,618,26),(556,619,14),(557,620,20),(558,621,6),(559,622,5),(560,623,1),(561,624,17),(562,625,13),(563,626,12),(564,627,13),(565,628,4),(566,629,2),(567,630,13),(568,631,22),(569,632,24),(570,633,26),(571,634,9),(572,635,20),(573,636,10),(574,637,7),(575,638,12),(576,639,4),(577,640,8),(578,641,25),(579,642,15),(580,643,23),(581,644,25),(582,645,3),(583,646,26),(584,647,24),(585,648,6),(586,649,24),(587,650,26),(588,651,20),(589,652,7),(590,653,22),(591,654,26),(592,655,26),(593,656,25),(594,657,2),(595,658,14),(596,659,14),(597,660,4),(598,661,24),(599,662,18),(600,663,2),(601,664,6),(602,1087,32),(603,1088,33),(604,1089,34),(605,1090,35),(606,1091,36),(607,1092,34),(608,1093,37),(609,1094,38),(610,1095,39),(611,1096,40),(612,1097,33),(613,1098,41),(614,1099,35),(615,1100,42),(616,1101,43),(617,1102,35),(618,1103,42),(619,1104,34),(620,1105,44),(621,1106,45),(622,1107,33),(623,1108,46),(624,1109,47),(625,1110,46),(626,1111,46),(627,1112,48),(628,1113,49),(629,1114,50),(630,1115,43),(631,1116,51),(632,1117,38),(633,1118,45),(634,1119,52),(635,1120,35),(636,1121,37),(637,1122,36),(638,1123,32),(639,1124,35),(640,1125,48),(641,1126,33),(642,1127,32),(643,1128,53),(644,1129,36),(645,1130,38),(646,1131,38),(647,1132,54),(648,1133,36),(649,1134,55),(650,1135,46),(651,1136,52),(652,1137,50),(653,1138,36),(654,1139,56),(655,1140,33),(656,1141,57),(657,1142,52),(658,1143,51),(659,1144,49),(660,1145,58),(661,1146,46),(662,1147,55),(663,1148,32),(664,1149,45),(665,1150,58),(666,1151,48),(667,1152,47),(668,1153,57),(669,1154,59),(670,1155,49),(671,1156,60),(672,1157,35),(673,1158,53),(674,1159,50),(675,1160,50),(676,1161,38),(677,1162,32),(678,1163,60),(679,1164,50),(680,1165,44),(681,1166,36),(682,1167,45),(683,1168,60),(684,1169,45),(685,1170,39),(686,1171,57),(687,1172,37),(688,1173,36),(689,1174,50),(690,1175,35),(691,1176,48),(692,1177,42),(693,1178,44),(694,1179,38),(695,1180,38),(696,1181,54),(697,1182,50),(698,1183,57),(699,1184,38),(700,1185,36),(701,1186,35),(702,1187,54),(703,1188,56),(704,1189,55),(705,1190,56),(706,1191,52),(707,1192,42),(708,1193,56),(709,1194,44),(710,1195,47),(711,1196,43),(712,1197,50),(713,1198,54),(714,1199,32),(715,1200,47),(716,1201,47),(717,1202,36),(718,1203,50),(719,1204,57),(720,1205,32),(721,1206,51),(722,1207,37),(723,1208,49),(724,1209,51),(725,1210,34),(726,1211,34),(727,1212,32),(728,1213,58),(729,1214,43),(730,1215,48),(731,1216,32),(732,1217,34),(733,1218,60),(734,1219,39),(735,1220,49),(736,1221,41),(737,1222,36),(738,1223,34),(739,1224,36),(740,1225,44),(741,1226,44),(742,1227,51),(743,1228,59),(744,1229,41),(745,1230,35),(746,1231,40),(747,1232,36),(748,1233,55),(749,1234,43),(750,1235,60),(751,1236,47),(752,1237,40),(753,1238,46),(754,1239,34),(755,1240,54),(756,1241,46),(757,1242,36),(758,1243,39),(759,1244,36),(760,1245,39),(761,1246,39),(762,1247,34),(763,1248,33),(764,1249,57),(765,1250,59),(766,1251,38),(767,1252,36),(768,1253,43),(769,1254,60),(770,1255,61),(771,1256,54),(772,1257,53),(773,1258,42),(774,1259,47),(775,1260,48),(776,1261,45),(777,1262,49),(778,1263,36),(779,1264,45),(780,1265,59),(781,1266,38),(782,1267,34),(783,1268,38),(784,1269,53),(785,1270,51),(786,1271,33),(787,1272,57),(788,1273,54),(789,1274,33),(790,1275,35),(791,1276,39),(792,1277,51),(793,1278,44),(794,1279,36),(795,1280,50),(796,1281,52),(797,1282,53),(798,1283,54),(799,1284,42),(800,1285,53),(801,1286,44),(802,1287,54),(803,1288,60),(804,1289,52),(805,1290,43),(806,1291,59),(807,1292,45),(808,1293,46),(809,1294,36),(810,1295,38),(811,1296,49),(812,1297,60),(813,1298,40),(814,1299,39),(815,1300,55),(816,1301,44),(817,1302,36),(818,1303,39),(819,1304,36),(820,1305,50),(821,1306,36),(822,1307,41),(823,1308,35),(824,1309,41),(825,1310,53),(826,1311,56),(827,1312,39),(828,1313,33),(829,1314,53),(830,1315,53),(831,1316,57),(832,1317,42),(833,1318,35),(834,1319,46),(835,1320,50),(836,1321,38),(837,1322,39),(838,1323,47),(839,1324,52),(840,1325,58),(841,1326,57),(842,1327,48),(843,1328,47),(844,1329,48),(845,1330,59),(846,1331,37),(847,1332,46),(848,1333,54),(849,1334,61),(850,1335,43),(851,1336,45),(852,1337,54),(853,1338,46),(854,1339,60),(855,1340,42),(856,1341,37),(857,1342,36),(858,1343,52),(859,1344,58),(860,1345,54),(861,1346,54),(862,1347,35),(863,1348,32),(864,1349,44),(865,1350,37),(866,1351,40),(867,1352,56),(868,1353,48),(869,1354,60),(870,1355,49),(871,1356,37),(872,1357,55),(873,1358,44),(874,1359,47),(875,1360,47),(876,1361,61),(877,1362,46),(878,1363,49),(879,1364,44),(880,1365,36),(881,1366,52),(882,1367,34),(883,1368,39),(884,1369,61),(885,1370,59),(886,1371,45),(887,1372,61),(888,1373,56),(889,1374,32),(890,1375,36),(891,1376,61),(892,1377,32),(893,1378,58),(894,1379,41),(895,1380,61),(896,1381,34),(897,1382,54),(898,1383,45),(899,1384,40),(900,1385,43),(901,1386,36),(902,1387,46),(903,1388,36),(904,1389,34),(905,1390,60),(906,1391,55),(907,1392,42),(908,1393,52),(909,1394,39),(910,1395,43),(911,1396,49),(912,1397,39),(913,1398,35),(914,1399,37),(915,1400,39),(916,1401,59),(917,1402,53),(918,1403,46),(919,1404,54),(920,1405,33),(921,1406,39),(922,1407,47),(923,1408,43),(924,1409,55),(925,1410,39),(926,1411,33),(927,1412,41),(928,1413,60),(929,1414,35),(930,1415,45),(931,1416,58),(932,1417,42),(933,1418,47),(934,1419,59),(935,1420,34),(936,1421,40),(937,1422,54),(938,1423,37),(939,1424,55),(940,1425,34),(941,1426,34),(942,1427,42),(943,1428,45),(944,1429,61),(945,1430,53),(946,1431,53),(947,1432,40),(948,1433,57),(949,1434,39),(950,1435,34),(951,1436,46),(952,1437,59),(953,1438,60),(954,1439,37),(955,1440,58),(956,1441,44),(957,1442,35),(958,1443,54),(959,1444,43),(960,1445,37),(961,1446,39),(962,1447,32),(963,1448,58),(964,1449,56),(965,1450,37),(966,1451,52),(967,1452,40),(968,1453,61),(969,1454,42),(970,1455,40),(971,1456,49),(972,1457,41),(973,1458,55),(974,1459,37),(975,1460,43),(976,1461,43),(977,1462,37),(978,1463,43),(979,1464,47),(980,1465,49),(981,1466,45),(982,1467,55),(983,1468,55),(984,1469,32),(985,1470,42),(986,1471,35),(987,1472,54),(988,1473,52),(989,1474,43),(990,1475,38),(991,1476,39),(992,1477,42),(993,1478,45),(994,1479,46),(995,1480,61),(996,1481,57),(997,1482,41),(998,1483,45),(999,1484,52),(1000,1485,55),(1001,1486,54),(1002,1487,46),(1003,1488,39),(1004,1489,46),(1005,1490,59),(1006,1491,40),(1007,1492,38),(1008,1493,59),(1009,1494,44),(1010,1495,46),(1011,1496,58),(1012,1497,53),(1013,1498,44),(1014,1499,37),(1015,1500,60),(1016,1501,43),(1017,1502,46),(1018,1503,49),(1019,1504,38),(1020,1505,39),(1021,1506,41),(1022,1507,51),(1023,1508,59),(1024,1509,48),(1025,1510,41),(1026,1511,56),(1027,1512,32),(1028,1513,60),(1029,1514,49),(1030,1515,57),(1031,1516,44),(1032,1517,33),(1033,1518,60),(1034,1519,33),(1035,1520,48),(1036,1521,35),(1037,1522,52),(1038,1523,37),(1039,1524,57),(1040,1525,47),(1041,1526,48),(1042,1527,52),(1043,1528,47),(1044,1529,36),(1045,1530,61),(1046,1531,35),(1047,1532,36),(1048,1533,42),(1049,1534,48),(1050,1535,43),(1051,1536,54),(1052,1537,43),(1053,1538,50),(1054,1539,57),(1055,1540,57),(1056,1541,45),(1057,1542,42),(1058,1543,45),(1059,1544,34),(1060,1545,42),(1061,1546,32),(1062,1547,53),(1063,1548,45),(1064,1549,40),(1065,1550,44),(1066,1551,36),(1067,1552,47),(1068,1553,40),(1069,1554,46),(1070,1555,43),(1071,1556,34),(1072,1557,44),(1073,1558,33),(1074,1559,38),(1075,1560,42),(1076,1561,59),(1077,1562,55),(1078,1563,33),(1079,1564,52),(1080,1565,47),(1081,1566,45),(1082,1567,48),(1083,1568,61),(1084,1569,42),(1085,1570,40),(1086,1571,55),(1087,1572,32),(1088,1573,38),(1089,1574,60),(1090,1575,50),(1091,1576,46),(1092,1577,32),(1093,1578,41),(1094,1579,32),(1095,1580,56),(1096,1581,38),(1097,1582,50),(1098,1583,33),(1099,1584,55),(1100,1585,35),(1101,1586,53),(1102,1587,34),(1103,1588,47),(1104,1589,40),(1105,1590,57),(1106,1591,57),(1107,1592,40),(1108,1593,54),(1109,1594,37),(1110,1595,50),(1111,1596,40),(1112,1597,58),(1113,1598,56),(1114,1599,44),(1115,1600,33),(1116,1601,43),(1117,1602,34),(1118,1603,33),(1119,1604,59),(1120,1605,51),(1121,1606,40),(1122,1607,54),(1123,1608,52),(1124,1609,46),(1125,1610,44),(1126,1611,39),(1127,1612,33),(1128,1613,58),(1129,1614,51),(1130,1615,46),(1131,1616,50),(1132,1617,35),(1133,1618,38),(1134,1619,50),(1135,1620,45),(1136,1621,58),(1137,1622,56),(1138,1623,33),(1139,1624,45),(1140,1625,40),(1141,1626,41),(1142,1627,53),(1143,1628,53),(1144,1629,51),(1145,1630,33),(1146,1631,51),(1147,1632,34),(1148,1633,42),(1149,1634,42),(1150,1635,32),(1151,1636,52),(1152,1637,59),(1153,1638,46),(1154,1639,60),(1155,1640,55),(1156,1641,40),(1157,1642,54),(1158,1643,59),(1159,1644,45),(1160,1645,45),(1161,1646,45),(1162,1647,47),(1163,1648,32),(1164,1649,35),(1165,1650,41),(1166,1651,53),(1167,1652,55),(1168,1653,40),(1169,1654,50),(1170,1655,33),(1171,1656,51),(1172,1657,47),(1173,1658,39),(1174,1659,36),(1175,1660,44),(1176,1661,44),(1177,1662,46),(1178,1663,50),(1179,1664,51),(1180,1665,45),(1181,1666,42),(1182,1667,41),(1183,1668,47),(1184,1669,54),(1185,1670,48),(1186,1671,40),(1187,1672,58),(1188,1673,58),(1189,1674,45),(1190,1675,50),(1191,1676,50),(1192,1677,37),(1193,1678,33),(1194,1679,49),(1195,1680,35),(1196,1681,32),(1197,1682,44),(1198,1683,41),(1199,1684,51),(1200,1685,51),(1201,1686,45),(1202,1687,57),(1203,1688,51),(1204,1689,58),(1205,1690,52),(1206,1691,51),(1207,1692,49),(1208,1693,44),(1209,1694,35),(1210,1695,32),(1211,1696,42),(1212,1697,40),(1213,1698,56),(1214,1699,37);
/*!40000 ALTER TABLE `student_class` ENABLE KEYS */;
UNLOCK TABLES;
/*!40103 SET TIME_ZONE=@OLD_TIME_ZONE */;

/*!40101 SET SQL_MODE=@OLD_SQL_MODE */;
/*!40014 SET FOREIGN_KEY_CHECKS=@OLD_FOREIGN_KEY_CHECKS */;
/*!40014 SET UNIQUE_CHECKS=@OLD_UNIQUE_CHECKS */;
/*!40101 SET CHARACTER_SET_CLIENT=@OLD_CHARACTER_SET_CLIENT */;
/*!40101 SET CHARACTER_SET_RESULTS=@OLD_CHARACTER_SET_RESULTS */;
/*!40101 SET COLLATION_CONNECTION=@OLD_COLLATION_CONNECTION */;
/*!40111 SET SQL_NOTES=@OLD_SQL_NOTES */;

-- Dump completed on 2020-03-05 14:26:16
